Team,Position,Player,Full Name,Total Score,Injured,Type,Player ID,MLB Team,Hits,Doubles,Triples,HR,BB,Runs,RBI,SB,HBP,IP,ER,Wins,Saves,K,QS,Holds,TrendPoints,TrendAB,TrendAVG,TrendHits,TrendDoubles,TrendTriples,TrendHR,TrendBB,TrendRuns,TrendRBI,TrendSB,TrendHBP,TrendIP,TrendER,TrendERA,TrendWins,TrendSaves,TrendK,TrendHolds
Jack Power,C,H Goodman,Hunter Goodman,1179.0,N,hitter,696100.0,COL,119.0,19.0,2.0,38.0,44.0,80.0,81.0,5.0,5.0,0.0,0.0,0.0,0.0,0.0,0.0,0.0,73.0,35.0,0.171,6.0,1.0,1.0,2.0,2.0,5.0,7.0,0.0,1.0,0.0,0.0,0.0,0.0,0.0,0.0,0.0
Jack Power,C,P Bailey,Patrick Bailey,488.0,N,hitter,672275.0,CLE,61.0,8.0,1.0,8.0,27.0,28.0,34.0,3.0,1.0,0.0,0.0,0.0,0.0,0.0,0.0,0.0,38.0,28.0,0.25,7.0,1.0,0.0,0.0,1.0,2.0,2.0,0.0,1.0,0.0,0.0,0.0,0.0,0.0,0.0,0.0
Jack Power,1B,V Guerrero Jr,Vladimir Guerrero Jr.,1008.0,N,hitter,665489.0,TOR,137.0,24.0,0.0,9.0,55.0,71.0,56.0,7.0,5.0,0.0,0.0,0.0,0.0,0.0,0.0,0.0,81.0,47.0,0.255,12.0,2.0,0.0,1.0,5.0,5.0,2.0,0.0,1.0,0.0,0.0,0.0,0.0,0.0,0.0,0.0
Jack Power,1B,N Kurtz,Nick Kurtz,1003.0,Y,hitter,701762.0,,90.0,15.0,1.0,21.0,79.0,62.0,69.0,7.0,3.0,0.0,0.0,0.0,0.0,0.0,0.0,0.0,0.0,0.0,0.0,0.0,0.0,0.0,0.0,0.0,0.0,0.0,0.0,0.0,0.0,0.0,0.0,0.0,0.0,0.0,0.0
Jack Power,2B,B Turang,Brice Turang,1417.0,N,hitter,668930.0,MIL,147.0,34.0,3.0,19.0,89.0,97.0,93.0,19.0,1.0,0.0,0.0,0.0,0.0,0.0,0.0,0.0,169.0,38.0,0.421,16.0,4.0,0.0,2.0,15.0,12.0,11.0,1.0,0.0,0.0,0.0,0.0,0.0,0.0,0.0,0.0
Jack Power,2B,J Wetherholt,JJ Wetherholt,1095.0,N,hitter,802139.0,STL,123.0,14.0,0.0,17.0,63.0,88.0,48.0,14.0,16.0,0.0,0.0,0.0,0.0,0.0,0.0,0.0,3.0,7.0,0.143,1.0,0.0,0.0,0.0,0.0,0.0,0.0,0.0,0.0,0.0,0.0,0.0,0.0,0.0,0.0,0.0
Jack Power,3B,J Caminero,Junior Caminero,1490.0,N,hitter,691406.0,TB,162.0,24.0,1.0,41.0,78.0,94.0,97.0,3.0,4.0,0.0,0.0,0.0,0.0,0.0,0.0,0.0,127.0,44.0,0.25,11.0,3.0,0.0,4.0,8.0,8.0,7.0,0.0,1.0,0.0,0.0,0.0,0.0,0.0,0.0,0.0
Jack Power,3B,J Ramirez,José Ramírez,1019.0,N,hitter,608070.0,CLE,103.0,26.0,0.0,12.0,57.0,65.0,51.0,34.0,3.0,0.0,0.0,0.0,0.0,0.0,0.0,0.0,61.0,43.0,0.163,7.0,2.0,0.0,1.0,1.0,3.0,3.0,3.0,0.0,0.0,0.0,0.0,0.0,0.0,0.0,0.0
Jack Power,SS,G Henderson,Gunnar Henderson,1221.0,N,hitter,683002.0,BAL,135.0,26.0,5.0,23.0,65.0,87.0,58.0,10.0,9.0,0.0,0.0,0.0,0.0,0.0,0.0,0.0,77.0,40.0,0.275,11.0,2.0,0.0,1.0,7.0,4.0,1.0,0.0,0.0,0.0,0.0,0.0,0.0,0.0,0.0,0.0
Jack Power,SS,B Witt Jr,Bobby Witt Jr.,1309.0,N,hitter,677951.0,KC,145.0,30.0,1.0,18.0,66.0,85.0,54.0,42.0,3.0,0.0,0.0,0.0,0.0,0.0,0.0,0.0,101.0,45.0,0.2,9.0,2.0,0.0,1.0,8.0,6.0,3.0,4.0,1.0,0.0,0.0,0.0,0.0,0.0,0.0,0.0
Jack Power,OF,R Anthony,Roman Anthony,360.0,N,hitter,701350.0,BOS,44.0,7.0,2.0,5.0,27.0,21.0,14.0,2.0,1.0,0.0,0.0,0.0,0.0,0.0,0.0,0.0,75.0,52.0,0.173,9.0,0.0,0.0,2.0,4.0,4.0,7.0,0.0,0.0,0.0,0.0,0.0,0.0,0.0,0.0,0.0
Jack Power,OF,A Judge,Aaron Judge,654.0,N,hitter,592450.0,NYY,57.0,10.0,0.0,18.0,43.0,45.0,41.0,5.0,2.0,0.0,0.0,0.0,0.0,0.0,0.0,0.0,32.0,23.0,0.174,4.0,0.0,0.0,1.0,1.0,2.0,3.0,0.0,0.0,0.0,0.0,0.0,0.0,0.0,0.0,0.0
Jack Power,OF,A Hays,Austin Hays,163.0,N,hitter,669720.0,SD,24.0,3.0,0.0,3.0,3.0,14.0,12.0,0.0,0.0,0.0,0.0,0.0,0.0,0.0,0.0,0.0,43.0,11.0,0.636,7.0,1.0,0.0,1.0,0.0,4.0,2.0,0.0,0.0,0.0,0.0,0.0,0.0,0.0,0.0,0.0
Jack Power,OF,R Acuna Jr,Ronald Acuña Jr.,954.0,N,hitter,660670.0,ATL,99.0,18.0,1.0,19.0,50.0,59.0,51.0,20.0,5.0,0.0,0.0,0.0,0.0,0.0,0.0,0.0,144.0,53.0,0.302,16.0,4.0,0.0,5.0,3.0,9.0,11.0,0.0,0.0,0.0,0.0,0.0,0.0,0.0,0.0,0.0
Jack Power,OF,J Soto,Juan Soto,1029.0,N,hitter,665742.0,NYM,101.0,11.0,2.0,26.0,73.0,59.0,64.0,9.0,0.0,0.0,0.0,0.0,0.0,0.0,0.0,0.0,134.0,54.0,0.259,14.0,3.0,0.0,3.0,8.0,9.0,8.0,1.0,0.0,0.0,0.0,0.0,0.0,0.0,0.0,0.0
Jack Power,OF,J Wood,James Wood,1438.0,N,hitter,695578.0,WSH,128.0,30.0,1.0,30.0,99.0,102.0,76.0,21.0,4.0,0.0,0.0,0.0,0.0,0.0,0.0,0.0,84.0,36.0,0.25,9.0,2.0,0.0,0.0,9.0,2.0,2.0,4.0,0.0,0.0,0.0,0.0,0.0,0.0,0.0,0.0
Jack Power,DH/Utility,J Pena,Jeremy Peña,926.0,N,hitter,665161.0,HOU,114.0,19.0,1.0,20.0,24.0,74.0,51.0,9.0,8.0,0.0,0.0,0.0,0.0,0.0,0.0,0.0,97.0,49.0,0.265,13.0,3.0,0.0,3.0,1.0,6.0,5.0,0.0,1.0,0.0,0.0,0.0,0.0,0.0,0.0,0.0
Jack Power,DH/Utility,S Ohtani,Shohei Ohtani,1956.0,Y,both,660271.0,,139.0,25.0,4.0,30.0,80.0,89.0,80.0,11.0,7.0,85.2,17.0,8.0,0.0,95.0,12.0,0.0,3.0,3.0,0.0,0.0,0.0,0.0,0.0,1.0,0.0,0.0,0.0,0.0,0.0,0.0,0.0,0.0,0.0,0.0,0.0
Jack Power,SP,T Skubal,Tarik Skubal,952.0,N,pitcher,669373.0,LAD,0.0,0.0,0.0,0.0,0.0,0.0,0.0,0.0,0.0,146.2,44.0,10.0,0.0,173.0,15.0,0.0,89.0,0.0,0.0,0.0,0.0,0.0,0.0,0.0,0.0,0.0,0.0,0.0,14.1,2.0,1.26,2.0,0.0,14.0,0.0
Jack Power,SP,B Ober,Bailey Ober,521.0,N,pitcher,641927.0,MIN,0.0,0.0,0.0,0.0,0.0,0.0,0.0,0.0,0.0,123.0,59.0,7.0,0.0,88.0,6.0,0.0,44.0,0.0,0.0,0.0,0.0,0.0,0.0,0.0,0.0,0.0,0.0,0.0,9.2,4.0,3.72,0.0,0.0,9.0,0.0
Jack Power,SP,B Woo,Bryan Woo,925.0,N,pitcher,693433.0,SEA,0.0,0.0,0.0,0.0,0.0,0.0,0.0,0.0,0.0,167.2,73.0,12.0,0.0,167.0,16.0,0.0,113.0,0.0,0.0,0.0,0.0,0.0,0.0,0.0,0.0,0.0,0.0,0.0,19.1,3.0,1.4,2.0,0.0,18.0,0.0
Jack Power,SP,T White,Tommy White,234.0,N,hitter,695720.0,ATH,43.0,5.0,0.0,3.0,5.0,18.0,9.0,0.0,0.0,0.0,0.0,0.0,0.0,0.0,0.0,0.0,31.0,23.0,0.217,5.0,0.0,0.0,1.0,1.0,2.0,1.0,0.0,0.0,0.0,0.0,0.0,0.0,0.0,0.0,0.0
Jack Power,SP,Z Wheeler,Zack Wheeler,977.0,N,pitcher,554430.0,PHI,0.0,0.0,0.0,0.0,0.0,0.0,0.0,0.0,0.0,150.1,50.0,13.0,0.0,177.0,16.0,0.0,133.0,0.0,0.0,0.0,0.0,0.0,0.0,0.0,0.0,0.0,0.0,0.0,20.0,2.0,0.9,2.0,0.0,23.0,0.0
Jack Power,SP,C Burns,Chase Burns,1001.0,N,pitcher,695505.0,CIN,0.0,0.0,0.0,0.0,0.0,0.0,0.0,0.0,0.0,154.1,49.0,15.0,0.0,185.0,11.0,0.0,57.0,0.0,0.0,0.0,0.0,0.0,0.0,0.0,0.0,0.0,0.0,0.0,9.0,4.0,4.0,0.0,0.0,14.0,0.0
Jack Power,SP,P Skenes,Paul Skenes,971.0,N,pitcher,694973.0,PIT,0.0,0.0,0.0,0.0,0.0,0.0,0.0,0.0,0.0,168.0,73.0,10.0,0.0,192.0,12.0,0.0,78.0,0.0,0.0,0.0,0.0,0.0,0.0,0.0,0.0,0.0,0.0,0.0,18.1,7.0,3.44,1.0,0.0,13.0,0.0
Jack Power,SP,C Burnes,Corbin Burnes,26.0,N,pitcher,669203.0,AZ,0.0,0.0,0.0,0.0,0.0,0.0,0.0,0.0,0.0,7.2,5.0,0.0,0.0,6.0,0.0,0.0,26.0,0.0,0.0,0.0,0.0,0.0,0.0,0.0,0.0,0.0,0.0,0.0,7.2,5.0,5.87,0.0,0.0,6.0,0.0
Jack Power,RP,H Strickland,Hunter Strickland,0.0,Y,pitcher,519326.0,,0.0,0.0,0.0,0.0,0.0,0.0,0.0,0.0,0.0,0.0,0.0,0.0,0.0,0.0,0.0,0.0,0.0,0.0,0.0,0.0,0.0,0.0,0.0,0.0,0.0,0.0,0.0,0.0,0.0,0.0,0.0,0.0,0.0,0.0,0.0
Jack Power,RP,M Miller,Mason Miller,736.0,N,pitcher,695243.0,SD,0.0,0.0,0.0,0.0,0.0,0.0,0.0,0.0,0.0,64.1,8.0,5.0,37.0,119.0,0.0,0.0,73.0,0.0,0.0,0.0,0.0,0.0,0.0,0.0,0.0,0.0,0.0,0.0,5.0,0.0,0.0,0.0,5.0,11.0,0.0
Jack Power,RP,D Palencia,Daniel Palencia,145.0,N,pitcher,694037.0,CHC,0.0,0.0,0.0,0.0,0.0,0.0,0.0,0.0,0.0,25.1,12.0,2.0,3.0,26.0,0.0,1.0,21.0,0.0,0.0,0.0,0.0,0.0,0.0,0.0,0.0,0.0,0.0,0.0,4.1,0.0,0.0,0.0,0.0,2.0,1.0
Jack Power,RP,C Martin,Chris Martin,0.0,N,pitcher,668885.0,MIN,0.0,0.0,0.0,0.0,0.0,0.0,0.0,0.0,0.0,0.0,0.0,0.0,0.0,0.0,0.0,0.0,0.0,0.0,0.0,0.0,0.0,0.0,0.0,0.0,0.0,0.0,0.0,0.0,0.0,0.0,0.0,0.0,0.0,0.0,0.0
Gabe Selig,C,W Contreras,William Contreras,1172.0,N,hitter,661388.0,MIL,147.0,27.0,1.0,17.0,58.0,81.0,87.0,1.0,4.0,0.0,0.0,0.0,0.0,0.0,0.0,0.0,125.0,38.0,0.263,10.0,2.0,0.0,4.0,5.0,9.0,14.0,0.0,0.0,0.0,0.0,0.0,0.0,0.0,0.0,0.0
Gabe Selig,C,H Goodman,Hunter Goodman,1179.0,N,hitter,696100.0,COL,119.0,19.0,2.0,38.0,44.0,80.0,81.0,5.0,5.0,0.0,0.0,0.0,0.0,0.0,0.0,0.0,73.0,35.0,0.171,6.0,1.0,1.0,2.0,2.0,5.0,7.0,0.0,1.0,0.0,0.0,0.0,0.0,0.0,0.0,0.0
Gabe Selig,1B,V Guerrero Jr,Vladimir Guerrero Jr.,1008.0,N,hitter,665489.0,TOR,137.0,24.0,0.0,9.0,55.0,71.0,56.0,7.0,5.0,0.0,0.0,0.0,0.0,0.0,0.0,0.0,81.0,47.0,0.255,12.0,2.0,0.0,1.0,5.0,5.0,2.0,0.0,1.0,0.0,0.0,0.0,0.0,0.0,0.0,0.0
Gabe Selig,1B,N Kurtz,Nick Kurtz,1003.0,Y,hitter,701762.0,,90.0,15.0,1.0,21.0,79.0,62.0,69.0,7.0,3.0,0.0,0.0,0.0,0.0,0.0,0.0,0.0,0.0,0.0,0.0,0.0,0.0,0.0,0.0,0.0,0.0,0.0,0.0,0.0,0.0,0.0,0.0,0.0,0.0,0.0,0.0
Gabe Selig,2B,N Hoerner,Nico Hoerner,1114.0,N,hitter,663538.0,CHC,158.0,28.0,1.0,8.0,41.0,61.0,69.0,22.0,8.0,0.0,0.0,0.0,0.0,0.0,0.0,0.0,67.0,49.0,0.265,13.0,1.0,0.0,0.0,0.0,5.0,6.0,0.0,1.0,0.0,0.0,0.0,0.0,0.0,0.0,0.0
Gabe Selig,2B,K Marte,Ketel Marte,1117.0,N,hitter,606466.0,AZ,132.0,29.0,3.0,22.0,47.0,71.0,74.0,4.0,6.0,0.0,0.0,0.0,0.0,0.0,0.0,0.0,96.0,53.0,0.226,12.0,5.0,0.0,1.0,4.0,6.0,7.0,0.0,0.0,0.0,0.0,0.0,0.0,0.0,0.0,0.0
Gabe Selig,3B,J Caminero,Junior Caminero,1490.0,N,hitter,691406.0,TB,162.0,24.0,1.0,41.0,78.0,94.0,97.0,3.0,4.0,0.0,0.0,0.0,0.0,0.0,0.0,0.0,127.0,44.0,0.25,11.0,3.0,0.0,4.0,8.0,8.0,7.0,0.0,1.0,0.0,0.0,0.0,0.0,0.0,0.0,0.0
Gabe Selig,3B,J Ramirez,José Ramírez,1019.0,N,hitter,608070.0,CLE,103.0,26.0,0.0,12.0,57.0,65.0,51.0,34.0,3.0,0.0,0.0,0.0,0.0,0.0,0.0,0.0,61.0,43.0,0.163,7.0,2.0,0.0,1.0,1.0,3.0,3.0,3.0,0.0,0.0,0.0,0.0,0.0,0.0,0.0,0.0
Gabe Selig,SS,G Henderson,Gunnar Henderson,1221.0,N,hitter,683002.0,BAL,135.0,26.0,5.0,23.0,65.0,87.0,58.0,10.0,9.0,0.0,0.0,0.0,0.0,0.0,0.0,0.0,77.0,40.0,0.275,11.0,2.0,0.0,1.0,7.0,4.0,1.0,0.0,0.0,0.0,0.0,0.0,0.0,0.0,0.0,0.0
Gabe Selig,SS,B Witt Jr,Bobby Witt Jr.,1309.0,N,hitter,677951.0,KC,145.0,30.0,1.0,18.0,66.0,85.0,54.0,42.0,3.0,0.0,0.0,0.0,0.0,0.0,0.0,0.0,101.0,45.0,0.2,9.0,2.0,0.0,1.0,8.0,6.0,3.0,4.0,1.0,0.0,0.0,0.0,0.0,0.0,0.0,0.0
Gabe Selig,OF,R Anthony,Roman Anthony,360.0,N,hitter,701350.0,BOS,44.0,7.0,2.0,5.0,27.0,21.0,14.0,2.0,1.0,0.0,0.0,0.0,0.0,0.0,0.0,0.0,75.0,52.0,0.173,9.0,0.0,0.0,2.0,4.0,4.0,7.0,0.0,0.0,0.0,0.0,0.0,0.0,0.0,0.0,0.0
Gabe Selig,OF,A Judge,Aaron Judge,654.0,N,hitter,592450.0,NYY,57.0,10.0,0.0,18.0,43.0,45.0,41.0,5.0,2.0,0.0,0.0,0.0,0.0,0.0,0.0,0.0,32.0,23.0,0.174,4.0,0.0,0.0,1.0,1.0,2.0,3.0,0.0,0.0,0.0,0.0,0.0,0.0,0.0,0.0,0.0
Gabe Selig,OF,W Langford,Wyatt Langford,889.0,N,hitter,694671.0,TEX,93.0,19.0,2.0,17.0,50.0,62.0,41.0,14.0,4.0,0.0,0.0,0.0,0.0,0.0,0.0,0.0,116.0,39.0,0.179,7.0,1.0,0.0,2.0,12.0,8.0,5.0,4.0,0.0,0.0,0.0,0.0,0.0,0.0,0.0,0.0
Gabe Selig,OF,R Acuna Jr,Ronald Acuña Jr.,954.0,N,hitter,660670.0,ATL,99.0,18.0,1.0,19.0,50.0,59.0,51.0,20.0,5.0,0.0,0.0,0.0,0.0,0.0,0.0,0.0,144.0,53.0,0.302,16.0,4.0,0.0,5.0,3.0,9.0,11.0,0.0,0.0,0.0,0.0,0.0,0.0,0.0,0.0,0.0
Gabe Selig,OF,J Soto,Juan Soto,1029.0,N,hitter,665742.0,NYM,101.0,11.0,2.0,26.0,73.0,59.0,64.0,9.0,0.0,0.0,0.0,0.0,0.0,0.0,0.0,0.0,134.0,54.0,0.259,14.0,3.0,0.0,3.0,8.0,9.0,8.0,1.0,0.0,0.0,0.0,0.0,0.0,0.0,0.0,0.0
Gabe Selig,OF,J Wood,James Wood,1438.0,N,hitter,695578.0,WSH,128.0,30.0,1.0,30.0,99.0,102.0,76.0,21.0,4.0,0.0,0.0,0.0,0.0,0.0,0.0,0.0,84.0,36.0,0.25,9.0,2.0,0.0,0.0,9.0,2.0,2.0,4.0,0.0,0.0,0.0,0.0,0.0,0.0,0.0,0.0
Gabe Selig,DH/Utility,M Murakami,Munetaka Murakami,1099.0,N,hitter,808959.0,CWS,86.0,14.0,1.0,32.0,88.0,77.0,68.0,1.0,4.0,0.0,0.0,0.0,0.0,0.0,0.0,0.0,99.0,44.0,0.136,6.0,0.0,1.0,3.0,7.0,5.0,9.0,0.0,2.0,0.0,0.0,0.0,0.0,0.0,0.0,0.0
Gabe Selig,DH/Utility,S Ohtani,Shohei Ohtani,1956.0,Y,both,660271.0,,139.0,25.0,4.0,30.0,80.0,89.0,80.0,11.0,7.0,85.2,17.0,8.0,0.0,95.0,12.0,0.0,3.0,3.0,0.0,0.0,0.0,0.0,0.0,1.0,0.0,0.0,0.0,0.0,0.0,0.0,0.0,0.0,0.0,0.0,0.0
Gabe Selig,SP,T Skubal,Tarik Skubal,952.0,N,pitcher,669373.0,LAD,0.0,0.0,0.0,0.0,0.0,0.0,0.0,0.0,0.0,146.2,44.0,10.0,0.0,173.0,15.0,0.0,89.0,0.0,0.0,0.0,0.0,0.0,0.0,0.0,0.0,0.0,0.0,0.0,14.1,2.0,1.26,2.0,0.0,14.0,0.0
Gabe Selig,SP,J Ryan,Joe Ryan,753.0,N,pitcher,657746.0,MIN,0.0,0.0,0.0,0.0,0.0,0.0,0.0,0.0,0.0,133.2,57.0,6.0,0.0,146.0,11.0,0.0,30.0,0.0,0.0,0.0,0.0,0.0,0.0,0.0,0.0,0.0,0.0,0.0,8.0,6.0,6.75,0.0,0.0,8.0,0.0
Gabe Selig,SP,H Brown,Hunter Brown,575.0,N,pitcher,686613.0,HOU,0.0,0.0,0.0,0.0,0.0,0.0,0.0,0.0,0.0,97.0,37.0,6.0,0.0,110.0,7.0,0.0,71.0,0.0,0.0,0.0,0.0,0.0,0.0,0.0,0.0,0.0,0.0,0.0,10.0,5.0,4.5,1.0,0.0,17.0,0.0
Gabe Selig,SP,B Woo,Bryan Woo,925.0,N,pitcher,693433.0,SEA,0.0,0.0,0.0,0.0,0.0,0.0,0.0,0.0,0.0,167.2,73.0,12.0,0.0,167.0,16.0,0.0,113.0,0.0,0.0,0.0,0.0,0.0,0.0,0.0,0.0,0.0,0.0,0.0,19.1,3.0,1.4,2.0,0.0,18.0,0.0
Gabe Selig,SP,E Perez,Eury Pérez,796.0,N,pitcher,691587.0,MIA,0.0,0.0,0.0,0.0,0.0,0.0,0.0,0.0,0.0,144.1,64.0,7.0,0.0,155.0,11.0,0.0,33.0,0.0,0.0,0.0,0.0,0.0,0.0,0.0,0.0,0.0,0.0,0.0,9.0,8.0,8.0,0.0,0.0,10.0,0.0
Gabe Selig,SP,C Sanchez,Cristopher Sánchez,1222.0,N,pitcher,650911.0,PHI,0.0,0.0,0.0,0.0,0.0,0.0,0.0,0.0,0.0,193.2,63.0,17.0,0.0,215.0,20.0,0.0,33.0,0.0,0.0,0.0,0.0,0.0,0.0,0.0,0.0,0.0,0.0,0.0,12.1,11.0,8.03,1.0,0.0,8.0,0.0
Gabe Selig,SP,H Greene,Hunter Greene,139.0,Y,pitcher,668881.0,,0.0,0.0,0.0,0.0,0.0,0.0,0.0,0.0,0.0,27.2,21.0,2.0,0.0,33.0,2.0,0.0,0.0,0.0,0.0,0.0,0.0,0.0,0.0,0.0,0.0,0.0,0.0,0.0,0.0,0.0,0.0,0.0,0.0,0.0,0.0
Gabe Selig,SP,P Skenes,Paul Skenes,971.0,N,pitcher,694973.0,PIT,0.0,0.0,0.0,0.0,0.0,0.0,0.0,0.0,0.0,168.0,73.0,10.0,0.0,192.0,12.0,0.0,78.0,0.0,0.0,0.0,0.0,0.0,0.0,0.0,0.0,0.0,0.0,0.0,18.1,7.0,3.44,1.0,0.0,13.0,0.0
Gabe Selig,RP,B Joyce,Ben Joyce,105.0,N,pitcher,690829.0,LAA,0.0,0.0,0.0,0.0,0.0,0.0,0.0,0.0,0.0,14.1,7.0,0.0,5.0,18.0,0.0,2.0,28.0,0.0,0.0,0.0,0.0,0.0,0.0,0.0,0.0,0.0,0.0,0.0,5.0,4.0,7.2,0.0,2.0,5.0,0.0
Gabe Selig,RP,R O'Brien,Riley O'Brien,487.0,N,pitcher,676617.0,STL,0.0,0.0,0.0,0.0,0.0,0.0,0.0,0.0,0.0,62.0,29.0,3.0,37.0,62.0,0.0,1.0,26.0,0.0,0.0,0.0,0.0,0.0,0.0,0.0,0.0,0.0,0.0,0.0,5.0,3.0,5.4,0.0,1.0,5.0,0.0
Gabe Selig,RP,M Miller,Mason Miller,736.0,N,pitcher,695243.0,SD,0.0,0.0,0.0,0.0,0.0,0.0,0.0,0.0,0.0,64.1,8.0,5.0,37.0,119.0,0.0,0.0,73.0,0.0,0.0,0.0,0.0,0.0,0.0,0.0,0.0,0.0,0.0,0.0,5.0,0.0,0.0,0.0,5.0,11.0,0.0
Gabe Selig,RP,R Walker,Ryan Walker,114.0,Y,pitcher,676254.0,,0.0,0.0,0.0,0.0,0.0,0.0,0.0,0.0,0.0,32.2,26.0,0.0,3.0,23.0,0.0,5.0,0.0,0.0,0.0,0.0,0.0,0.0,0.0,0.0,0.0,0.0,0.0,0.0,0.0,0.0,0.0,0.0,0.0,0.0,0.0
Billy Haber,C,K Teel,Kyle Teel,212.0,N,hitter,691019.0,CWS,18.0,3.0,0.0,4.0,15.0,15.0,20.0,0.0,2.0,0.0,0.0,0.0,0.0,0.0,0.0,0.0,89.0,29.0,0.207,6.0,1.0,0.0,2.0,9.0,6.0,6.0,0.0,1.0,0.0,0.0,0.0,0.0,0.0,0.0,0.0
Billy Haber,C,H Goodman,Hunter Goodman,1179.0,N,hitter,696100.0,COL,119.0,19.0,2.0,38.0,44.0,80.0,81.0,5.0,5.0,0.0,0.0,0.0,0.0,0.0,0.0,0.0,73.0,35.0,0.171,6.0,1.0,1.0,2.0,2.0,5.0,7.0,0.0,1.0,0.0,0.0,0.0,0.0,0.0,0.0,0.0
Billy Haber,1B,V Guerrero Jr,Vladimir Guerrero Jr.,1008.0,N,hitter,665489.0,TOR,137.0,24.0,0.0,9.0,55.0,71.0,56.0,7.0,5.0,0.0,0.0,0.0,0.0,0.0,0.0,0.0,81.0,47.0,0.255,12.0,2.0,0.0,1.0,5.0,5.0,2.0,0.0,1.0,0.0,0.0,0.0,0.0,0.0,0.0,0.0
Billy Haber,1B,N Kurtz,Nick Kurtz,1003.0,Y,hitter,701762.0,,90.0,15.0,1.0,21.0,79.0,62.0,69.0,7.0,3.0,0.0,0.0,0.0,0.0,0.0,0.0,0.0,0.0,0.0,0.0,0.0,0.0,0.0,0.0,0.0,0.0,0.0,0.0,0.0,0.0,0.0,0.0,0.0,0.0,0.0,0.0
Billy Haber,2B,B Turang,Brice Turang,1417.0,N,hitter,668930.0,MIL,147.0,34.0,3.0,19.0,89.0,97.0,93.0,19.0,1.0,0.0,0.0,0.0,0.0,0.0,0.0,0.0,169.0,38.0,0.421,16.0,4.0,0.0,2.0,15.0,12.0,11.0,1.0,0.0,0.0,0.0,0.0,0.0,0.0,0.0,0.0
Billy Haber,2B,K Marte,Ketel Marte,1117.0,N,hitter,606466.0,AZ,132.0,29.0,3.0,22.0,47.0,71.0,74.0,4.0,6.0,0.0,0.0,0.0,0.0,0.0,0.0,0.0,96.0,53.0,0.226,12.0,5.0,0.0,1.0,4.0,6.0,7.0,0.0,0.0,0.0,0.0,0.0,0.0,0.0,0.0,0.0
Billy Haber,3B,J Caminero,Junior Caminero,1490.0,N,hitter,691406.0,TB,162.0,24.0,1.0,41.0,78.0,94.0,97.0,3.0,4.0,0.0,0.0,0.0,0.0,0.0,0.0,0.0,127.0,44.0,0.25,11.0,3.0,0.0,4.0,8.0,8.0,7.0,0.0,1.0,0.0,0.0,0.0,0.0,0.0,0.0,0.0
Billy Haber,3B,J Ramirez,José Ramírez,1019.0,N,hitter,608070.0,CLE,103.0,26.0,0.0,12.0,57.0,65.0,51.0,34.0,3.0,0.0,0.0,0.0,0.0,0.0,0.0,0.0,61.0,43.0,0.163,7.0,2.0,0.0,1.0,1.0,3.0,3.0,3.0,0.0,0.0,0.0,0.0,0.0,0.0,0.0,0.0
Billy Haber,SS,G Henderson,Gunnar Henderson,1221.0,N,hitter,683002.0,BAL,135.0,26.0,5.0,23.0,65.0,87.0,58.0,10.0,9.0,0.0,0.0,0.0,0.0,0.0,0.0,0.0,77.0,40.0,0.275,11.0,2.0,0.0,1.0,7.0,4.0,1.0,0.0,0.0,0.0,0.0,0.0,0.0,0.0,0.0,0.0
Billy Haber,SS,B Witt Jr,Bobby Witt Jr.,1309.0,N,hitter,677951.0,KC,145.0,30.0,1.0,18.0,66.0,85.0,54.0,42.0,3.0,0.0,0.0,0.0,0.0,0.0,0.0,0.0,101.0,45.0,0.2,9.0,2.0,0.0,1.0,8.0,6.0,3.0,4.0,1.0,0.0,0.0,0.0,0.0,0.0,0.0,0.0
Billy Haber,OF,A Judge,Aaron Judge,654.0,N,hitter,592450.0,NYY,57.0,10.0,0.0,18.0,43.0,45.0,41.0,5.0,2.0,0.0,0.0,0.0,0.0,0.0,0.0,0.0,32.0,23.0,0.174,4.0,0.0,0.0,1.0,1.0,2.0,3.0,0.0,0.0,0.0,0.0,0.0,0.0,0.0,0.0,0.0
Billy Haber,OF,W Langford,Wyatt Langford,889.0,N,hitter,694671.0,TEX,93.0,19.0,2.0,17.0,50.0,62.0,41.0,14.0,4.0,0.0,0.0,0.0,0.0,0.0,0.0,0.0,116.0,39.0,0.179,7.0,1.0,0.0,2.0,12.0,8.0,5.0,4.0,0.0,0.0,0.0,0.0,0.0,0.0,0.0,0.0
Billy Haber,OF,R Acuna Jr,Ronald Acuña Jr.,954.0,N,hitter,660670.0,ATL,99.0,18.0,1.0,19.0,50.0,59.0,51.0,20.0,5.0,0.0,0.0,0.0,0.0,0.0,0.0,0.0,144.0,53.0,0.302,16.0,4.0,0.0,5.0,3.0,9.0,11.0,0.0,0.0,0.0,0.0,0.0,0.0,0.0,0.0,0.0
Billy Haber,OF,K Stowers,Kyle Stowers,943.0,N,hitter,669065.0,MIA,102.0,26.0,4.0,19.0,49.0,53.0,61.0,1.0,9.0,0.0,0.0,0.0,0.0,0.0,0.0,0.0,72.0,47.0,0.149,7.0,2.0,0.0,1.0,7.0,5.0,2.0,0.0,1.0,0.0,0.0,0.0,0.0,0.0,0.0,0.0
Billy Haber,OF,J Soto,Juan Soto,1029.0,N,hitter,665742.0,NYM,101.0,11.0,2.0,26.0,73.0,59.0,64.0,9.0,0.0,0.0,0.0,0.0,0.0,0.0,0.0,0.0,134.0,54.0,0.259,14.0,3.0,0.0,3.0,8.0,9.0,8.0,1.0,0.0,0.0,0.0,0.0,0.0,0.0,0.0,0.0
Billy Haber,OF,J Wood,James Wood,1438.0,N,hitter,695578.0,WSH,128.0,30.0,1.0,30.0,99.0,102.0,76.0,21.0,4.0,0.0,0.0,0.0,0.0,0.0,0.0,0.0,84.0,36.0,0.25,9.0,2.0,0.0,0.0,9.0,2.0,2.0,4.0,0.0,0.0,0.0,0.0,0.0,0.0,0.0,0.0
Billy Haber,DH/Utility,J Adell,Jo Adell,1116.0,N,hitter,666176.0,CLE,137.0,25.0,1.0,22.0,29.0,65.0,92.0,4.0,18.0,0.0,0.0,0.0,0.0,0.0,0.0,0.0,95.0,46.0,0.239,11.0,2.0,0.0,2.0,2.0,7.0,8.0,0.0,2.0,0.0,0.0,0.0,0.0,0.0,0.0,0.0
Billy Haber,DH/Utility,S Ohtani,Shohei Ohtani,1956.0,Y,both,660271.0,,139.0,25.0,4.0,30.0,80.0,89.0,80.0,11.0,7.0,85.2,17.0,8.0,0.0,95.0,12.0,0.0,3.0,3.0,0.0,0.0,0.0,0.0,0.0,1.0,0.0,0.0,0.0,0.0,0.0,0.0,0.0,0.0,0.0,0.0,0.0
Billy Haber,SP,G Crochet,Garrett Crochet,168.0,Y,pitcher,676979.0,,0.0,0.0,0.0,0.0,0.0,0.0,0.0,0.0,0.0,30.0,21.0,3.0,0.0,37.0,3.0,0.0,0.0,0.0,0.0,0.0,0.0,0.0,0.0,0.0,0.0,0.0,0.0,0.0,0.0,0.0,0.0,0.0,0.0,0.0,0.0
Billy Haber,SP,T Skubal,Tarik Skubal,952.0,N,pitcher,669373.0,LAD,0.0,0.0,0.0,0.0,0.0,0.0,0.0,0.0,0.0,146.2,44.0,10.0,0.0,173.0,15.0,0.0,89.0,0.0,0.0,0.0,0.0,0.0,0.0,0.0,0.0,0.0,0.0,0.0,14.1,2.0,1.26,2.0,0.0,14.0,0.0
Billy Haber,SP,J Ryan,Joe Ryan,753.0,N,pitcher,657746.0,MIN,0.0,0.0,0.0,0.0,0.0,0.0,0.0,0.0,0.0,133.2,57.0,6.0,0.0,146.0,11.0,0.0,30.0,0.0,0.0,0.0,0.0,0.0,0.0,0.0,0.0,0.0,0.0,0.0,8.0,6.0,6.75,0.0,0.0,8.0,0.0
Billy Haber,SP,H Brown,Hunter Brown,575.0,N,pitcher,686613.0,HOU,0.0,0.0,0.0,0.0,0.0,0.0,0.0,0.0,0.0,97.0,37.0,6.0,0.0,110.0,7.0,0.0,71.0,0.0,0.0,0.0,0.0,0.0,0.0,0.0,0.0,0.0,0.0,0.0,10.0,5.0,4.5,1.0,0.0,17.0,0.0
Billy Haber,SP,B Woo,Bryan Woo,925.0,N,pitcher,693433.0,SEA,0.0,0.0,0.0,0.0,0.0,0.0,0.0,0.0,0.0,167.2,73.0,12.0,0.0,167.0,16.0,0.0,113.0,0.0,0.0,0.0,0.0,0.0,0.0,0.0,0.0,0.0,0.0,0.0,19.1,3.0,1.4,2.0,0.0,18.0,0.0
Billy Haber,SP,H Greene,Hunter Greene,139.0,Y,pitcher,668881.0,,0.0,0.0,0.0,0.0,0.0,0.0,0.0,0.0,0.0,27.2,21.0,2.0,0.0,33.0,2.0,0.0,0.0,0.0,0.0,0.0,0.0,0.0,0.0,0.0,0.0,0.0,0.0,0.0,0.0,0.0,0.0,0.0,0.0,0.0,0.0
Billy Haber,SP,P Skenes,Paul Skenes,971.0,N,pitcher,694973.0,PIT,0.0,0.0,0.0,0.0,0.0,0.0,0.0,0.0,0.0,168.0,73.0,10.0,0.0,192.0,12.0,0.0,78.0,0.0,0.0,0.0,0.0,0.0,0.0,0.0,0.0,0.0,0.0,0.0,18.1,7.0,3.44,1.0,0.0,13.0,0.0
Billy Haber,SP,L Webb,Logan Webb,778.0,Y,pitcher,657277.0,,0.0,0.0,0.0,0.0,0.0,0.0,0.0,0.0,0.0,160.2,77.0,8.0,0.0,134.0,17.0,0.0,57.0,0.0,0.0,0.0,0.0,0.0,0.0,0.0,0.0,0.0,0.0,0.0,11.0,7.0,5.73,0.0,0.0,15.0,0.0
Billy Haber,RP,Jo Duran,Jhoan Duran,543.0,N,pitcher,661395.0,PHI,0.0,0.0,0.0,0.0,0.0,0.0,0.0,0.0,0.0,56.1,11.0,2.0,32.0,79.0,0.0,0.0,57.0,0.0,0.0,0.0,0.0,0.0,0.0,0.0,0.0,0.0,0.0,0.0,6.0,2.0,3.0,0.0,3.0,10.0,0.0
Billy Haber,RP,D Palencia,Daniel Palencia,145.0,N,pitcher,694037.0,CHC,0.0,0.0,0.0,0.0,0.0,0.0,0.0,0.0,0.0,25.1,12.0,2.0,3.0,26.0,0.0,1.0,21.0,0.0,0.0,0.0,0.0,0.0,0.0,0.0,0.0,0.0,0.0,0.0,4.1,0.0,0.0,0.0,0.0,2.0,1.0
Billy Haber,RP,Jo Romero,JoJo Romero,291.0,N,pitcher,668941.0,MIL,0.0,0.0,0.0,0.0,0.0,0.0,0.0,0.0,0.0,51.2,21.0,2.0,0.0,49.0,0.0,21.0,21.0,0.0,0.0,0.0,0.0,0.0,0.0,0.0,0.0,0.0,0.0,0.0,7.0,5.0,6.43,0.0,0.0,5.0,0.0
Billy Haber,RP,M Miller,Mason Miller,736.0,N,pitcher,695243.0,SD,0.0,0.0,0.0,0.0,0.0,0.0,0.0,0.0,0.0,64.1,8.0,5.0,37.0,119.0,0.0,0.0,73.0,0.0,0.0,0.0,0.0,0.0,0.0,0.0,0.0,0.0,0.0,0.0,5.0,0.0,0.0,0.0,5.0,11.0,0.0
Jason Gouin,C,C Raleigh,Cal Raleigh,868.0,N,hitter,663728.0,SEA,77.0,14.0,0.0,22.0,66.0,47.0,66.0,2.0,3.0,0.0,0.0,0.0,0.0,0.0,0.0,0.0,96.0,46.0,0.217,10.0,3.0,0.0,1.0,6.0,8.0,8.0,0.0,0.0,0.0,0.0,0.0,0.0,0.0,0.0,0.0
Jason Gouin,C,W Contreras,William Contreras,1172.0,N,hitter,661388.0,MIL,147.0,27.0,1.0,17.0,58.0,81.0,87.0,1.0,4.0,0.0,0.0,0.0,0.0,0.0,0.0,0.0,125.0,38.0,0.263,10.0,2.0,0.0,4.0,5.0,9.0,14.0,0.0,0.0,0.0,0.0,0.0,0.0,0.0,0.0,0.0
Jason Gouin,1B,V Guerrero Jr,Vladimir Guerrero Jr.,1008.0,N,hitter,665489.0,TOR,137.0,24.0,0.0,9.0,55.0,71.0,56.0,7.0,5.0,0.0,0.0,0.0,0.0,0.0,0.0,0.0,81.0,47.0,0.255,12.0,2.0,0.0,1.0,5.0,5.0,2.0,0.0,1.0,0.0,0.0,0.0,0.0,0.0,0.0,0.0
Jason Gouin,1B,N Kurtz,Nick Kurtz,1003.0,Y,hitter,701762.0,,90.0,15.0,1.0,21.0,79.0,62.0,69.0,7.0,3.0,0.0,0.0,0.0,0.0,0.0,0.0,0.0,0.0,0.0,0.0,0.0,0.0,0.0,0.0,0.0,0.0,0.0,0.0,0.0,0.0,0.0,0.0,0.0,0.0,0.0,0.0
Jason Gouin,2B,L Keaschall,Luke Keaschall,1109.0,N,hitter,807712.0,MIN,140.0,25.0,1.0,9.0,56.0,75.0,45.0,18.0,22.0,0.0,0.0,0.0,0.0,0.0,0.0,0.0,101.0,47.0,0.319,15.0,1.0,0.0,0.0,6.0,8.0,1.0,2.0,3.0,0.0,0.0,0.0,0.0,0.0,0.0,0.0
Jason Gouin,2B,N Hoerner,Nico Hoerner,1114.0,N,hitter,663538.0,CHC,158.0,28.0,1.0,8.0,41.0,61.0,69.0,22.0,8.0,0.0,0.0,0.0,0.0,0.0,0.0,0.0,67.0,49.0,0.265,13.0,1.0,0.0,0.0,0.0,5.0,6.0,0.0,1.0,0.0,0.0,0.0,0.0,0.0,0.0,0.0
Jason Gouin,3B,J Caminero,Junior Caminero,1490.0,N,hitter,691406.0,TB,162.0,24.0,1.0,41.0,78.0,94.0,97.0,3.0,4.0,0.0,0.0,0.0,0.0,0.0,0.0,0.0,127.0,44.0,0.25,11.0,3.0,0.0,4.0,8.0,8.0,7.0,0.0,1.0,0.0,0.0,0.0,0.0,0.0,0.0,0.0
Jason Gouin,3B,J Ramirez,José Ramírez,1019.0,N,hitter,608070.0,CLE,103.0,26.0,0.0,12.0,57.0,65.0,51.0,34.0,3.0,0.0,0.0,0.0,0.0,0.0,0.0,0.0,61.0,43.0,0.163,7.0,2.0,0.0,1.0,1.0,3.0,3.0,3.0,0.0,0.0,0.0,0.0,0.0,0.0,0.0,0.0
Jason Gouin,SS,B Witt Jr,Bobby Witt Jr.,1309.0,N,hitter,677951.0,KC,145.0,30.0,1.0,18.0,66.0,85.0,54.0,42.0,3.0,0.0,0.0,0.0,0.0,0.0,0.0,0.0,101.0,45.0,0.2,9.0,2.0,0.0,1.0,8.0,6.0,3.0,4.0,1.0,0.0,0.0,0.0,0.0,0.0,0.0,0.0
Jason Gouin,SS,E De La Cruz,Elly De La Cruz,1416.0,N,hitter,682829.0,CIN,152.0,29.0,5.0,28.0,66.0,96.0,74.0,27.0,2.0,0.0,0.0,0.0,0.0,0.0,0.0,0.0,204.0,48.0,0.396,19.0,5.0,0.0,7.0,7.0,12.0,13.0,3.0,0.0,0.0,0.0,0.0,0.0,0.0,0.0,0.0
Jason Gouin,OF,A Judge,Aaron Judge,654.0,N,hitter,592450.0,NYY,57.0,10.0,0.0,18.0,43.0,45.0,41.0,5.0,2.0,0.0,0.0,0.0,0.0,0.0,0.0,0.0,32.0,23.0,0.174,4.0,0.0,0.0,1.0,1.0,2.0,3.0,0.0,0.0,0.0,0.0,0.0,0.0,0.0,0.0,0.0
Jason Gouin,OF,M Trout,Mike Trout,1214.0,N,hitter,545361.0,LAA,117.0,25.0,0.0,21.0,99.0,82.0,53.0,11.0,10.0,0.0,0.0,0.0,0.0,0.0,0.0,0.0,108.0,45.0,0.244,11.0,4.0,0.0,1.0,10.0,7.0,3.0,0.0,2.0,0.0,0.0,0.0,0.0,0.0,0.0,0.0
Jason Gouin,OF,R Acuna Jr,Ronald Acuña Jr.,954.0,N,hitter,660670.0,ATL,99.0,18.0,1.0,19.0,50.0,59.0,51.0,20.0,5.0,0.0,0.0,0.0,0.0,0.0,0.0,0.0,144.0,53.0,0.302,16.0,4.0,0.0,5.0,3.0,9.0,11.0,0.0,0.0,0.0,0.0,0.0,0.0,0.0,0.0,0.0
Jason Gouin,OF,J Soto,Juan Soto,1029.0,N,hitter,665742.0,NYM,101.0,11.0,2.0,26.0,73.0,59.0,64.0,9.0,0.0,0.0,0.0,0.0,0.0,0.0,0.0,0.0,134.0,54.0,0.259,14.0,3.0,0.0,3.0,8.0,9.0,8.0,1.0,0.0,0.0,0.0,0.0,0.0,0.0,0.0,0.0
Jason Gouin,OF,J Beck,Jordan Beck,227.0,N,hitter,687597.0,COL,30.0,7.0,2.0,1.0,13.0,15.0,11.0,2.0,0.0,0.0,0.0,0.0,0.0,0.0,0.0,0.0,22.0,16.0,0.188,3.0,0.0,0.0,0.0,3.0,2.0,0.0,0.0,0.0,0.0,0.0,0.0,0.0,0.0,0.0,0.0
Jason Gouin,OF,F Tatis Jr,Fernando Tatis Jr.,1465.0,N,hitter,665487.0,SD,171.0,30.0,3.0,23.0,62.0,92.0,79.0,35.0,6.0,0.0,0.0,0.0,0.0,0.0,0.0,0.0,172.0,52.0,0.327,17.0,1.0,1.0,4.0,8.0,12.0,9.0,4.0,1.0,0.0,0.0,0.0,0.0,0.0,0.0,0.0
Jason Gouin,DH/Utility,K Marte,Ketel Marte,1117.0,N,hitter,606466.0,AZ,132.0,29.0,3.0,22.0,47.0,71.0,74.0,4.0,6.0,0.0,0.0,0.0,0.0,0.0,0.0,0.0,96.0,53.0,0.226,12.0,5.0,0.0,1.0,4.0,6.0,7.0,0.0,0.0,0.0,0.0,0.0,0.0,0.0,0.0,0.0
Jason Gouin,DH/Utility,S Ohtani,Shohei Ohtani,1956.0,Y,both,660271.0,,139.0,25.0,4.0,30.0,80.0,89.0,80.0,11.0,7.0,85.2,17.0,8.0,0.0,95.0,12.0,0.0,3.0,3.0,0.0,0.0,0.0,0.0,0.0,1.0,0.0,0.0,0.0,0.0,0.0,0.0,0.0,0.0,0.0,0.0,0.0
Jason Gouin,SP,C Bassitt,Chris Bassitt,417.0,N,pitcher,605135.0,BAL,0.0,0.0,0.0,0.0,0.0,0.0,0.0,0.0,0.0,97.0,50.0,8.0,0.0,72.0,4.0,0.0,95.0,0.0,0.0,0.0,0.0,0.0,0.0,0.0,0.0,0.0,0.0,0.0,17.1,6.0,3.12,2.0,0.0,17.0,0.0
Jason Gouin,SP,G Crochet,Garrett Crochet,168.0,Y,pitcher,676979.0,,0.0,0.0,0.0,0.0,0.0,0.0,0.0,0.0,0.0,30.0,21.0,3.0,0.0,37.0,3.0,0.0,0.0,0.0,0.0,0.0,0.0,0.0,0.0,0.0,0.0,0.0,0.0,0.0,0.0,0.0,0.0,0.0,0.0,0.0,0.0
Jason Gouin,SP,T Skubal,Tarik Skubal,952.0,N,pitcher,669373.0,LAD,0.0,0.0,0.0,0.0,0.0,0.0,0.0,0.0,0.0,146.2,44.0,10.0,0.0,173.0,15.0,0.0,89.0,0.0,0.0,0.0,0.0,0.0,0.0,0.0,0.0,0.0,0.0,0.0,14.1,2.0,1.26,2.0,0.0,14.0,0.0
Jason Gouin,SP,H Brown,Hunter Brown,575.0,N,pitcher,686613.0,HOU,0.0,0.0,0.0,0.0,0.0,0.0,0.0,0.0,0.0,97.0,37.0,6.0,0.0,110.0,7.0,0.0,71.0,0.0,0.0,0.0,0.0,0.0,0.0,0.0,0.0,0.0,0.0,0.0,10.0,5.0,4.5,1.0,0.0,17.0,0.0
Jason Gouin,SP,J DeGrom,Jacob deGrom,965.0,N,pitcher,594798.0,TEX,0.0,0.0,0.0,0.0,0.0,0.0,0.0,0.0,0.0,154.1,65.0,11.0,0.0,194.0,12.0,0.0,125.0,0.0,0.0,0.0,0.0,0.0,0.0,0.0,0.0,0.0,0.0,0.0,17.0,4.0,2.12,1.0,0.0,27.0,0.0
Jason Gouin,SP,C Cavalli,Cade Cavalli,1093.0,N,pitcher,676917.0,WSH,0.0,0.0,0.0,0.0,0.0,0.0,0.0,0.0,0.0,169.2,57.0,13.0,0.0,200.0,18.0,0.0,113.0,0.0,0.0,0.0,0.0,0.0,0.0,0.0,0.0,0.0,0.0,0.0,17.0,4.0,2.12,1.0,0.0,23.0,0.0
Jason Gouin,SP,P Skenes,Paul Skenes,971.0,N,pitcher,694973.0,PIT,0.0,0.0,0.0,0.0,0.0,0.0,0.0,0.0,0.0,168.0,73.0,10.0,0.0,192.0,12.0,0.0,78.0,0.0,0.0,0.0,0.0,0.0,0.0,0.0,0.0,0.0,0.0,0.0,18.1,7.0,3.44,1.0,0.0,13.0,0.0
Jason Gouin,SP,L Webb,Logan Webb,778.0,Y,pitcher,657277.0,,0.0,0.0,0.0,0.0,0.0,0.0,0.0,0.0,0.0,160.2,77.0,8.0,0.0,134.0,17.0,0.0,57.0,0.0,0.0,0.0,0.0,0.0,0.0,0.0,0.0,0.0,0.0,0.0,11.0,7.0,5.73,0.0,0.0,15.0,0.0
Jason Gouin,RP,S Dominguez,Seranthony Domínguez,387.0,N,pitcher,622554.0,SEA,0.0,0.0,0.0,0.0,0.0,0.0,0.0,0.0,0.0,59.0,25.0,5.0,12.0,62.0,0.0,7.0,35.0,0.0,0.0,0.0,0.0,0.0,0.0,0.0,0.0,0.0,0.0,0.0,6.0,0.0,0.0,0.0,0.0,5.0,1.0
Jason Gouin,RP,P Fairbanks,Pete Fairbanks,327.0,Y,pitcher,664126.0,,0.0,0.0,0.0,0.0,0.0,0.0,0.0,0.0,0.0,41.1,29.0,4.0,19.0,57.0,0.0,2.0,2.0,0.0,0.0,0.0,0.0,0.0,0.0,0.0,0.0,0.0,0.0,0.0,1.0,2.0,18.0,0.0,1.0,0.0,0.0
Jason Gouin,RP,Jo Duran,Jhoan Duran,543.0,N,pitcher,661395.0,PHI,0.0,0.0,0.0,0.0,0.0,0.0,0.0,0.0,0.0,56.1,11.0,2.0,32.0,79.0,0.0,0.0,57.0,0.0,0.0,0.0,0.0,0.0,0.0,0.0,0.0,0.0,0.0,0.0,6.0,2.0,3.0,0.0,3.0,10.0,0.0
Jason Gouin,RP,Jo Romero,JoJo Romero,291.0,N,pitcher,668941.0,MIL,0.0,0.0,0.0,0.0,0.0,0.0,0.0,0.0,0.0,51.2,21.0,2.0,0.0,49.0,0.0,21.0,21.0,0.0,0.0,0.0,0.0,0.0,0.0,0.0,0.0,0.0,0.0,0.0,7.0,5.0,6.43,0.0,0.0,5.0,0.0
Owen Shelffo,C,S Langeliers,Shea Langeliers,876.0,N,hitter,669127.0,ATH,103.0,19.0,0.0,23.0,34.0,55.0,55.0,3.0,5.0,0.0,0.0,0.0,0.0,0.0,0.0,0.0,24.0,16.0,0.25,4.0,0.0,0.0,0.0,0.0,0.0,4.0,1.0,0.0,0.0,0.0,0.0,0.0,0.0,0.0,0.0
Owen Shelffo,C,H Goodman,Hunter Goodman,1179.0,N,hitter,696100.0,COL,119.0,19.0,2.0,38.0,44.0,80.0,81.0,5.0,5.0,0.0,0.0,0.0,0.0,0.0,0.0,0.0,73.0,35.0,0.171,6.0,1.0,1.0,2.0,2.0,5.0,7.0,0.0,1.0,0.0,0.0,0.0,0.0,0.0,0.0,0.0
Owen Shelffo,1B,M Busch,Michael Busch,1241.0,N,hitter,683737.0,CHC,135.0,27.0,2.0,19.0,88.0,74.0,76.0,3.0,12.0,0.0,0.0,0.0,0.0,0.0,0.0,0.0,105.0,37.0,0.243,9.0,2.0,0.0,1.0,9.0,10.0,7.0,1.0,0.0,0.0,0.0,0.0,0.0,0.0,0.0,0.0
Owen Shelffo,1B,S Stewart,Sal Stewart,1424.0,N,hitter,701398.0,CIN,160.0,25.0,0.0,32.0,61.0,85.0,110.0,15.0,4.0,0.0,0.0,0.0,0.0,0.0,0.0,0.0,97.0,48.0,0.333,16.0,0.0,0.0,1.0,4.0,5.0,4.0,3.0,0.0,0.0,0.0,0.0,0.0,0.0,0.0,0.0
Owen Shelffo,2B,X Edwards,Xavier Edwards,1069.0,N,hitter,669364.0,MIA,145.0,17.0,6.0,6.0,67.0,61.0,52.0,21.0,0.0,0.0,0.0,0.0,0.0,0.0,0.0,0.0,28.0,15.0,0.267,4.0,0.0,0.0,0.0,2.0,2.0,1.0,1.0,0.0,0.0,0.0,0.0,0.0,0.0,0.0,0.0
Owen Shelffo,2B,K Marte,Ketel Marte,1117.0,N,hitter,606466.0,AZ,132.0,29.0,3.0,22.0,47.0,71.0,74.0,4.0,6.0,0.0,0.0,0.0,0.0,0.0,0.0,0.0,96.0,53.0,0.226,12.0,5.0,0.0,1.0,4.0,6.0,7.0,0.0,0.0,0.0,0.0,0.0,0.0,0.0,0.0,0.0
Owen Shelffo,3B,J Caminero,Junior Caminero,1490.0,N,hitter,691406.0,TB,162.0,24.0,1.0,41.0,78.0,94.0,97.0,3.0,4.0,0.0,0.0,0.0,0.0,0.0,0.0,0.0,127.0,44.0,0.25,11.0,3.0,0.0,4.0,8.0,8.0,7.0,0.0,1.0,0.0,0.0,0.0,0.0,0.0,0.0,0.0
Owen Shelffo,3B,J Ramirez,José Ramírez,1019.0,N,hitter,608070.0,CLE,103.0,26.0,0.0,12.0,57.0,65.0,51.0,34.0,3.0,0.0,0.0,0.0,0.0,0.0,0.0,0.0,61.0,43.0,0.163,7.0,2.0,0.0,1.0,1.0,3.0,3.0,3.0,0.0,0.0,0.0,0.0,0.0,0.0,0.0,0.0
Owen Shelffo,SS,B Witt Jr,Bobby Witt Jr.,1309.0,N,hitter,677951.0,KC,145.0,30.0,1.0,18.0,66.0,85.0,54.0,42.0,3.0,0.0,0.0,0.0,0.0,0.0,0.0,0.0,101.0,45.0,0.2,9.0,2.0,0.0,1.0,8.0,6.0,3.0,4.0,1.0,0.0,0.0,0.0,0.0,0.0,0.0,0.0
Owen Shelffo,SS,Z Neto,Zach Neto,1368.0,N,hitter,687263.0,LAA,142.0,29.0,5.0,26.0,61.0,97.0,74.0,21.0,13.0,0.0,0.0,0.0,0.0,0.0,0.0,0.0,146.0,49.0,0.306,15.0,1.0,1.0,3.0,6.0,9.0,8.0,2.0,4.0,0.0,0.0,0.0,0.0,0.0,0.0,0.0
Owen Shelffo,OF,A Judge,Aaron Judge,654.0,N,hitter,592450.0,NYY,57.0,10.0,0.0,18.0,43.0,45.0,41.0,5.0,2.0,0.0,0.0,0.0,0.0,0.0,0.0,0.0,32.0,23.0,0.174,4.0,0.0,0.0,1.0,1.0,2.0,3.0,0.0,0.0,0.0,0.0,0.0,0.0,0.0,0.0,0.0
Owen Shelffo,OF,G Springer,George Springer,932.0,N,hitter,543807.0,TOR,111.0,22.0,2.0,15.0,47.0,57.0,53.0,12.0,3.0,0.0,0.0,0.0,0.0,0.0,0.0,0.0,79.0,39.0,0.256,10.0,1.0,0.0,1.0,5.0,5.0,5.0,1.0,0.0,0.0,0.0,0.0,0.0,0.0,0.0,0.0
Owen Shelffo,OF,W Langford,Wyatt Langford,889.0,N,hitter,694671.0,TEX,93.0,19.0,2.0,17.0,50.0,62.0,41.0,14.0,4.0,0.0,0.0,0.0,0.0,0.0,0.0,0.0,116.0,39.0,0.179,7.0,1.0,0.0,2.0,12.0,8.0,5.0,4.0,0.0,0.0,0.0,0.0,0.0,0.0,0.0,0.0
Owen Shelffo,OF,R Acuna Jr,Ronald Acuña Jr.,954.0,N,hitter,660670.0,ATL,99.0,18.0,1.0,19.0,50.0,59.0,51.0,20.0,5.0,0.0,0.0,0.0,0.0,0.0,0.0,0.0,144.0,53.0,0.302,16.0,4.0,0.0,5.0,3.0,9.0,11.0,0.0,0.0,0.0,0.0,0.0,0.0,0.0,0.0,0.0
Owen Shelffo,OF,J Soto,Juan Soto,1029.0,N,hitter,665742.0,NYM,101.0,11.0,2.0,26.0,73.0,59.0,64.0,9.0,0.0,0.0,0.0,0.0,0.0,0.0,0.0,0.0,134.0,54.0,0.259,14.0,3.0,0.0,3.0,8.0,9.0,8.0,1.0,0.0,0.0,0.0,0.0,0.0,0.0,0.0,0.0
Owen Shelffo,OF,J Wood,James Wood,1438.0,N,hitter,695578.0,WSH,128.0,30.0,1.0,30.0,99.0,102.0,76.0,21.0,4.0,0.0,0.0,0.0,0.0,0.0,0.0,0.0,84.0,36.0,0.25,9.0,2.0,0.0,0.0,9.0,2.0,2.0,4.0,0.0,0.0,0.0,0.0,0.0,0.0,0.0,0.0
Owen Shelffo,DH/Utility,C Montgomery,Colson Montgomery,1136.0,N,hitter,695657.0,CWS,111.0,24.0,0.0,31.0,52.0,69.0,87.0,1.0,14.0,0.0,0.0,0.0,0.0,0.0,0.0,0.0,69.0,38.0,0.105,4.0,2.0,0.0,1.0,5.0,4.0,6.0,0.0,3.0,0.0,0.0,0.0,0.0,0.0,0.0,0.0
Owen Shelffo,DH/Utility,S Ohtani,Shohei Ohtani,1956.0,Y,both,660271.0,,139.0,25.0,4.0,30.0,80.0,89.0,80.0,11.0,7.0,85.2,17.0,8.0,0.0,95.0,12.0,0.0,3.0,3.0,0.0,0.0,0.0,0.0,0.0,1.0,0.0,0.0,0.0,0.0,0.0,0.0,0.0,0.0,0.0,0.0,0.0
Owen Shelffo,SP,G Crochet,Garrett Crochet,168.0,Y,pitcher,676979.0,,0.0,0.0,0.0,0.0,0.0,0.0,0.0,0.0,0.0,30.0,21.0,3.0,0.0,37.0,3.0,0.0,0.0,0.0,0.0,0.0,0.0,0.0,0.0,0.0,0.0,0.0,0.0,0.0,0.0,0.0,0.0,0.0,0.0,0.0,0.0
Owen Shelffo,SP,T Skubal,Tarik Skubal,952.0,N,pitcher,669373.0,LAD,0.0,0.0,0.0,0.0,0.0,0.0,0.0,0.0,0.0,146.2,44.0,10.0,0.0,173.0,15.0,0.0,89.0,0.0,0.0,0.0,0.0,0.0,0.0,0.0,0.0,0.0,0.0,0.0,14.1,2.0,1.26,2.0,0.0,14.0,0.0
Owen Shelffo,SP,J Ryan,Joe Ryan,753.0,N,pitcher,657746.0,MIN,0.0,0.0,0.0,0.0,0.0,0.0,0.0,0.0,0.0,133.2,57.0,6.0,0.0,146.0,11.0,0.0,30.0,0.0,0.0,0.0,0.0,0.0,0.0,0.0,0.0,0.0,0.0,0.0,8.0,6.0,6.75,0.0,0.0,8.0,0.0
Owen Shelffo,SP,H Brown,Hunter Brown,575.0,N,pitcher,686613.0,HOU,0.0,0.0,0.0,0.0,0.0,0.0,0.0,0.0,0.0,97.0,37.0,6.0,0.0,110.0,7.0,0.0,71.0,0.0,0.0,0.0,0.0,0.0,0.0,0.0,0.0,0.0,0.0,0.0,10.0,5.0,4.5,1.0,0.0,17.0,0.0
Owen Shelffo,SP,L Gilbert,Logan Gilbert,1027.0,N,pitcher,669302.0,SEA,0.0,0.0,0.0,0.0,0.0,0.0,0.0,0.0,0.0,178.0,73.0,12.0,0.0,194.0,14.0,0.0,83.0,0.0,0.0,0.0,0.0,0.0,0.0,0.0,0.0,0.0,0.0,0.0,13.0,5.0,3.46,1.0,0.0,18.0,0.0
Owen Shelffo,SP,J Misiorowski,Jacob Misiorowski,1288.0,N,pitcher,694819.0,MIL,0.0,0.0,0.0,0.0,0.0,0.0,0.0,0.0,0.0,166.1,35.0,15.0,0.0,243.0,18.0,0.0,84.0,0.0,0.0,0.0,0.0,0.0,0.0,0.0,0.0,0.0,0.0,0.0,11.1,1.0,0.79,1.0,0.0,16.0,0.0
Owen Shelffo,SP,P Skenes,Paul Skenes,971.0,N,pitcher,694973.0,PIT,0.0,0.0,0.0,0.0,0.0,0.0,0.0,0.0,0.0,168.0,73.0,10.0,0.0,192.0,12.0,0.0,78.0,0.0,0.0,0.0,0.0,0.0,0.0,0.0,0.0,0.0,0.0,0.0,18.1,7.0,3.44,1.0,0.0,13.0,0.0
Owen Shelffo,SP,L Webb,Logan Webb,778.0,Y,pitcher,657277.0,,0.0,0.0,0.0,0.0,0.0,0.0,0.0,0.0,0.0,160.2,77.0,8.0,0.0,134.0,17.0,0.0,57.0,0.0,0.0,0.0,0.0,0.0,0.0,0.0,0.0,0.0,0.0,0.0,11.0,7.0,5.73,0.0,0.0,15.0,0.0
Owen Shelffo,RP,R Helsley,Ryan Helsley,128.0,Y,pitcher,664854.0,,0.0,0.0,0.0,0.0,0.0,0.0,0.0,0.0,0.0,15.1,7.0,0.0,8.0,21.0,0.0,0.0,0.0,0.0,0.0,0.0,0.0,0.0,0.0,0.0,0.0,0.0,0.0,0.0,0.0,0.0,0.0,0.0,0.0,0.0,0.0
Owen Shelffo,RP,Jo Duran,Jhoan Duran,543.0,N,pitcher,661395.0,PHI,0.0,0.0,0.0,0.0,0.0,0.0,0.0,0.0,0.0,56.1,11.0,2.0,32.0,79.0,0.0,0.0,57.0,0.0,0.0,0.0,0.0,0.0,0.0,0.0,0.0,0.0,0.0,0.0,6.0,2.0,3.0,0.0,3.0,10.0,0.0
Owen Shelffo,RP,Jo Romero,JoJo Romero,291.0,N,pitcher,668941.0,MIL,0.0,0.0,0.0,0.0,0.0,0.0,0.0,0.0,0.0,51.2,21.0,2.0,0.0,49.0,0.0,21.0,21.0,0.0,0.0,0.0,0.0,0.0,0.0,0.0,0.0,0.0,0.0,0.0,7.0,5.0,6.43,0.0,0.0,5.0,0.0
Owen Shelffo,RP,M Miller,Mason Miller,736.0,N,pitcher,695243.0,SD,0.0,0.0,0.0,0.0,0.0,0.0,0.0,0.0,0.0,64.1,8.0,5.0,37.0,119.0,0.0,0.0,73.0,0.0,0.0,0.0,0.0,0.0,0.0,0.0,0.0,0.0,0.0,0.0,5.0,0.0,0.0,0.0,5.0,11.0,0.0
Amy Serio,C,C Raleigh,Cal Raleigh,868.0,N,hitter,663728.0,SEA,77.0,14.0,0.0,22.0,66.0,47.0,66.0,2.0,3.0,0.0,0.0,0.0,0.0,0.0,0.0,0.0,96.0,46.0,0.217,10.0,3.0,0.0,1.0,6.0,8.0,8.0,0.0,0.0,0.0,0.0,0.0,0.0,0.0,0.0,0.0
Amy Serio,C,H Goodman,Hunter Goodman,1179.0,N,hitter,696100.0,COL,119.0,19.0,2.0,38.0,44.0,80.0,81.0,5.0,5.0,0.0,0.0,0.0,0.0,0.0,0.0,0.0,73.0,35.0,0.171,6.0,1.0,1.0,2.0,2.0,5.0,7.0,0.0,1.0,0.0,0.0,0.0,0.0,0.0,0.0,0.0
Amy Serio,1B,V Guerrero Jr,Vladimir Guerrero Jr.,1008.0,N,hitter,665489.0,TOR,137.0,24.0,0.0,9.0,55.0,71.0,56.0,7.0,5.0,0.0,0.0,0.0,0.0,0.0,0.0,0.0,81.0,47.0,0.255,12.0,2.0,0.0,1.0,5.0,5.0,2.0,0.0,1.0,0.0,0.0,0.0,0.0,0.0,0.0,0.0
Amy Serio,1B,M Olson,Matt Olson,1418.0,N,hitter,621566.0,ATL,151.0,33.0,0.0,40.0,63.0,98.0,88.0,4.0,3.0,0.0,0.0,0.0,0.0,0.0,0.0,0.0,96.0,49.0,0.265,13.0,0.0,0.0,3.0,4.0,4.0,8.0,0.0,0.0,0.0,0.0,0.0,0.0,0.0,0.0,0.0
Amy Serio,2B,J Altuve,Jose Altuve,913.0,N,hitter,514888.0,HOU,119.0,24.0,2.0,15.0,40.0,66.0,44.0,5.0,3.0,0.0,0.0,0.0,0.0,0.0,0.0,0.0,67.0,49.0,0.245,12.0,6.0,0.0,0.0,1.0,3.0,0.0,1.0,0.0,0.0,0.0,0.0,0.0,0.0,0.0,0.0
Amy Serio,2B,K Marte,Ketel Marte,1117.0,N,hitter,606466.0,AZ,132.0,29.0,3.0,22.0,47.0,71.0,74.0,4.0,6.0,0.0,0.0,0.0,0.0,0.0,0.0,0.0,96.0,53.0,0.226,12.0,5.0,0.0,1.0,4.0,6.0,7.0,0.0,0.0,0.0,0.0,0.0,0.0,0.0,0.0,0.0
Amy Serio,3B,J Caminero,Junior Caminero,1490.0,N,hitter,691406.0,TB,162.0,24.0,1.0,41.0,78.0,94.0,97.0,3.0,4.0,0.0,0.0,0.0,0.0,0.0,0.0,0.0,127.0,44.0,0.25,11.0,3.0,0.0,4.0,8.0,8.0,7.0,0.0,1.0,0.0,0.0,0.0,0.0,0.0,0.0,0.0
Amy Serio,3B,A Bregman,Alex Bregman,1375.0,N,hitter,608324.0,CHC,156.0,32.0,2.0,26.0,73.0,88.0,88.0,3.0,12.0,0.0,0.0,0.0,0.0,0.0,0.0,0.0,115.0,41.0,0.268,11.0,4.0,1.0,2.0,6.0,5.0,7.0,0.0,3.0,0.0,0.0,0.0,0.0,0.0,0.0,0.0
Amy Serio,SS,B Witt Jr,Bobby Witt Jr.,1309.0,N,hitter,677951.0,KC,145.0,30.0,1.0,18.0,66.0,85.0,54.0,42.0,3.0,0.0,0.0,0.0,0.0,0.0,0.0,0.0,101.0,45.0,0.2,9.0,2.0,0.0,1.0,8.0,6.0,3.0,4.0,1.0,0.0,0.0,0.0,0.0,0.0,0.0,0.0
Amy Serio,SS,E De La Cruz,Elly De La Cruz,1416.0,N,hitter,682829.0,CIN,152.0,29.0,5.0,28.0,66.0,96.0,74.0,27.0,2.0,0.0,0.0,0.0,0.0,0.0,0.0,0.0,204.0,48.0,0.396,19.0,5.0,0.0,7.0,7.0,12.0,13.0,3.0,0.0,0.0,0.0,0.0,0.0,0.0,0.0,0.0
Amy Serio,OF,A Judge,Aaron Judge,654.0,N,hitter,592450.0,NYY,57.0,10.0,0.0,18.0,43.0,45.0,41.0,5.0,2.0,0.0,0.0,0.0,0.0,0.0,0.0,0.0,32.0,23.0,0.174,4.0,0.0,0.0,1.0,1.0,2.0,3.0,0.0,0.0,0.0,0.0,0.0,0.0,0.0,0.0,0.0
Amy Serio,OF,B Rooker,Brent Rooker,359.0,Y,hitter,667670.0,,36.0,4.0,0.0,10.0,19.0,20.0,29.0,2.0,2.0,0.0,0.0,0.0,0.0,0.0,0.0,0.0,0.0,0.0,0.0,0.0,0.0,0.0,0.0,0.0,0.0,0.0,0.0,0.0,0.0,0.0,0.0,0.0,0.0,0.0,0.0
Amy Serio,OF,J Soto,Juan Soto,1029.0,N,hitter,665742.0,NYM,101.0,11.0,2.0,26.0,73.0,59.0,64.0,9.0,0.0,0.0,0.0,0.0,0.0,0.0,0.0,0.0,134.0,54.0,0.259,14.0,3.0,0.0,3.0,8.0,9.0,8.0,1.0,0.0,0.0,0.0,0.0,0.0,0.0,0.0,0.0
Amy Serio,OF,J Wood,James Wood,1438.0,N,hitter,695578.0,WSH,128.0,30.0,1.0,30.0,99.0,102.0,76.0,21.0,4.0,0.0,0.0,0.0,0.0,0.0,0.0,0.0,84.0,36.0,0.25,9.0,2.0,0.0,0.0,9.0,2.0,2.0,4.0,0.0,0.0,0.0,0.0,0.0,0.0,0.0,0.0
Amy Serio,OF,J Chourio,Jackson Chourio,1207.0,N,hitter,694192.0,MIL,143.0,27.0,0.0,24.0,43.0,89.0,70.0,19.0,2.0,0.0,0.0,0.0,0.0,0.0,0.0,0.0,162.0,54.0,0.315,17.0,3.0,0.0,3.0,5.0,13.0,12.0,4.0,0.0,0.0,0.0,0.0,0.0,0.0,0.0,0.0
Amy Serio,OF,F Tatis Jr,Fernando Tatis Jr.,1465.0,N,hitter,665487.0,SD,171.0,30.0,3.0,23.0,62.0,92.0,79.0,35.0,6.0,0.0,0.0,0.0,0.0,0.0,0.0,0.0,172.0,52.0,0.327,17.0,1.0,1.0,4.0,8.0,12.0,9.0,4.0,1.0,0.0,0.0,0.0,0.0,0.0,0.0,0.0
Amy Serio,DH/Utility,J Ramirez,José Ramírez,1019.0,N,hitter,608070.0,CLE,103.0,26.0,0.0,12.0,57.0,65.0,51.0,34.0,3.0,0.0,0.0,0.0,0.0,0.0,0.0,0.0,61.0,43.0,0.163,7.0,2.0,0.0,1.0,1.0,3.0,3.0,3.0,0.0,0.0,0.0,0.0,0.0,0.0,0.0,0.0
Amy Serio,DH/Utility,S Ohtani,Shohei Ohtani,1956.0,Y,both,660271.0,,139.0,25.0,4.0,30.0,80.0,89.0,80.0,11.0,7.0,85.2,17.0,8.0,0.0,95.0,12.0,0.0,3.0,3.0,0.0,0.0,0.0,0.0,0.0,1.0,0.0,0.0,0.0,0.0,0.0,0.0,0.0,0.0,0.0,0.0,0.0
Amy Serio,SP,Trev Rogers,Trevor Rogers,800.0,N,pitcher,669432.0,BAL,0.0,0.0,0.0,0.0,0.0,0.0,0.0,0.0,0.0,157.2,74.0,10.0,0.0,143.0,14.0,0.0,63.0,0.0,0.0,0.0,0.0,0.0,0.0,0.0,0.0,0.0,0.0,0.0,13.1,5.0,3.38,1.0,0.0,11.0,0.0
Amy Serio,SP,G Crochet,Garrett Crochet,168.0,Y,pitcher,676979.0,,0.0,0.0,0.0,0.0,0.0,0.0,0.0,0.0,0.0,30.0,21.0,3.0,0.0,37.0,3.0,0.0,0.0,0.0,0.0,0.0,0.0,0.0,0.0,0.0,0.0,0.0,0.0,0.0,0.0,0.0,0.0,0.0,0.0,0.0,0.0
Amy Serio,SP,T Skubal,Tarik Skubal,952.0,N,pitcher,669373.0,LAD,0.0,0.0,0.0,0.0,0.0,0.0,0.0,0.0,0.0,146.2,44.0,10.0,0.0,173.0,15.0,0.0,89.0,0.0,0.0,0.0,0.0,0.0,0.0,0.0,0.0,0.0,0.0,0.0,14.1,2.0,1.26,2.0,0.0,14.0,0.0
Amy Serio,SP,J Soriano,José Soriano,899.0,N,pitcher,667755.0,TOR,0.0,0.0,0.0,0.0,0.0,0.0,0.0,0.0,0.0,169.1,67.0,12.0,0.0,159.0,11.0,0.0,51.0,0.0,0.0,0.0,0.0,0.0,0.0,0.0,0.0,0.0,0.0,0.0,13.1,6.0,4.05,1.0,0.0,8.0,0.0
Amy Serio,SP,N Eovaldi,Nathan Eovaldi,759.0,N,pitcher,543135.0,TEX,0.0,0.0,0.0,0.0,0.0,0.0,0.0,0.0,0.0,139.1,63.0,11.0,0.0,140.0,11.0,0.0,31.0,0.0,0.0,0.0,0.0,0.0,0.0,0.0,0.0,0.0,0.0,0.0,6.2,1.0,1.35,1.0,0.0,3.0,0.0
Amy Serio,SP,C Sanchez,Cristopher Sánchez,1222.0,N,pitcher,650911.0,PHI,0.0,0.0,0.0,0.0,0.0,0.0,0.0,0.0,0.0,193.2,63.0,17.0,0.0,215.0,20.0,0.0,33.0,0.0,0.0,0.0,0.0,0.0,0.0,0.0,0.0,0.0,0.0,0.0,12.1,11.0,8.03,1.0,0.0,8.0,0.0
Amy Serio,SP,P Skenes,Paul Skenes,971.0,N,pitcher,694973.0,PIT,0.0,0.0,0.0,0.0,0.0,0.0,0.0,0.0,0.0,168.0,73.0,10.0,0.0,192.0,12.0,0.0,78.0,0.0,0.0,0.0,0.0,0.0,0.0,0.0,0.0,0.0,0.0,0.0,18.1,7.0,3.44,1.0,0.0,13.0,0.0
Amy Serio,SP,L Webb,Logan Webb,778.0,Y,pitcher,657277.0,,0.0,0.0,0.0,0.0,0.0,0.0,0.0,0.0,0.0,160.2,77.0,8.0,0.0,134.0,17.0,0.0,57.0,0.0,0.0,0.0,0.0,0.0,0.0,0.0,0.0,0.0,0.0,0.0,11.0,7.0,5.73,0.0,0.0,15.0,0.0
Amy Serio,RP,S Dominguez,Seranthony Domínguez,387.0,N,pitcher,622554.0,SEA,0.0,0.0,0.0,0.0,0.0,0.0,0.0,0.0,0.0,59.0,25.0,5.0,12.0,62.0,0.0,7.0,35.0,0.0,0.0,0.0,0.0,0.0,0.0,0.0,0.0,0.0,0.0,0.0,6.0,0.0,0.0,0.0,0.0,5.0,1.0
Amy Serio,RP,Tay Rogers,Taylor Rogers,281.0,N,pitcher,573124.0,MIN,0.0,0.0,0.0,0.0,0.0,0.0,0.0,0.0,0.0,55.1,29.0,6.0,2.0,48.0,0.0,9.0,16.0,0.0,0.0,0.0,0.0,0.0,0.0,0.0,0.0,0.0,0.0,0.0,4.1,3.0,6.23,0.0,0.0,4.0,0.0
Amy Serio,RP,P Fairbanks,Pete Fairbanks,327.0,Y,pitcher,664126.0,,0.0,0.0,0.0,0.0,0.0,0.0,0.0,0.0,0.0,41.1,29.0,4.0,19.0,57.0,0.0,2.0,2.0,0.0,0.0,0.0,0.0,0.0,0.0,0.0,0.0,0.0,0.0,0.0,1.0,2.0,18.0,0.0,1.0,0.0,0.0
Amy Serio,RP,R O'Brien,Riley O'Brien,487.0,N,pitcher,676617.0,STL,0.0,0.0,0.0,0.0,0.0,0.0,0.0,0.0,0.0,62.0,29.0,3.0,37.0,62.0,0.0,1.0,26.0,0.0,0.0,0.0,0.0,0.0,0.0,0.0,0.0,0.0,0.0,0.0,5.0,3.0,5.4,0.0,1.0,5.0,0.0
Levi Richards,C,S Langeliers,Shea Langeliers,876.0,N,hitter,669127.0,ATH,103.0,19.0,0.0,23.0,34.0,55.0,55.0,3.0,5.0,0.0,0.0,0.0,0.0,0.0,0.0,0.0,24.0,16.0,0.25,4.0,0.0,0.0,0.0,0.0,0.0,4.0,1.0,0.0,0.0,0.0,0.0,0.0,0.0,0.0,0.0
Levi Richards,C,C Raleigh,Cal Raleigh,868.0,N,hitter,663728.0,SEA,77.0,14.0,0.0,22.0,66.0,47.0,66.0,2.0,3.0,0.0,0.0,0.0,0.0,0.0,0.0,0.0,96.0,46.0,0.217,10.0,3.0,0.0,1.0,6.0,8.0,8.0,0.0,0.0,0.0,0.0,0.0,0.0,0.0,0.0,0.0
Levi Richards,1B,V Guerrero Jr,Vladimir Guerrero Jr.,1008.0,N,hitter,665489.0,TOR,137.0,24.0,0.0,9.0,55.0,71.0,56.0,7.0,5.0,0.0,0.0,0.0,0.0,0.0,0.0,0.0,81.0,47.0,0.255,12.0,2.0,0.0,1.0,5.0,5.0,2.0,0.0,1.0,0.0,0.0,0.0,0.0,0.0,0.0,0.0
Levi Richards,1B,R Devers,Rafael Devers,1389.0,Y,hitter,646240.0,,144.0,36.0,1.0,37.0,69.0,88.0,98.0,0.0,2.0,0.0,0.0,0.0,0.0,0.0,0.0,0.0,94.0,23.0,0.304,7.0,2.0,0.0,4.0,3.0,5.0,10.0,0.0,0.0,0.0,0.0,0.0,0.0,0.0,0.0,0.0
Levi Richards,2B,L Keaschall,Luke Keaschall,1109.0,N,hitter,807712.0,MIN,140.0,25.0,1.0,9.0,56.0,75.0,45.0,18.0,22.0,0.0,0.0,0.0,0.0,0.0,0.0,0.0,101.0,47.0,0.319,15.0,1.0,0.0,0.0,6.0,8.0,1.0,2.0,3.0,0.0,0.0,0.0,0.0,0.0,0.0,0.0
Levi Richards,2B,B Turang,Brice Turang,1417.0,N,hitter,668930.0,MIL,147.0,34.0,3.0,19.0,89.0,97.0,93.0,19.0,1.0,0.0,0.0,0.0,0.0,0.0,0.0,0.0,169.0,38.0,0.421,16.0,4.0,0.0,2.0,15.0,12.0,11.0,1.0,0.0,0.0,0.0,0.0,0.0,0.0,0.0,0.0
Levi Richards,3B,J Caminero,Junior Caminero,1490.0,N,hitter,691406.0,TB,162.0,24.0,1.0,41.0,78.0,94.0,97.0,3.0,4.0,0.0,0.0,0.0,0.0,0.0,0.0,0.0,127.0,44.0,0.25,11.0,3.0,0.0,4.0,8.0,8.0,7.0,0.0,1.0,0.0,0.0,0.0,0.0,0.0,0.0,0.0
Levi Richards,3B,J Ramirez,José Ramírez,1019.0,N,hitter,608070.0,CLE,103.0,26.0,0.0,12.0,57.0,65.0,51.0,34.0,3.0,0.0,0.0,0.0,0.0,0.0,0.0,0.0,61.0,43.0,0.163,7.0,2.0,0.0,1.0,1.0,3.0,3.0,3.0,0.0,0.0,0.0,0.0,0.0,0.0,0.0,0.0
Levi Richards,SS,G Henderson,Gunnar Henderson,1221.0,N,hitter,683002.0,BAL,135.0,26.0,5.0,23.0,65.0,87.0,58.0,10.0,9.0,0.0,0.0,0.0,0.0,0.0,0.0,0.0,77.0,40.0,0.275,11.0,2.0,0.0,1.0,7.0,4.0,1.0,0.0,0.0,0.0,0.0,0.0,0.0,0.0,0.0,0.0
Levi Richards,SS,B Witt Jr,Bobby Witt Jr.,1309.0,N,hitter,677951.0,KC,145.0,30.0,1.0,18.0,66.0,85.0,54.0,42.0,3.0,0.0,0.0,0.0,0.0,0.0,0.0,0.0,101.0,45.0,0.2,9.0,2.0,0.0,1.0,8.0,6.0,3.0,4.0,1.0,0.0,0.0,0.0,0.0,0.0,0.0,0.0
Levi Richards,OF,A Judge,Aaron Judge,654.0,N,hitter,592450.0,NYY,57.0,10.0,0.0,18.0,43.0,45.0,41.0,5.0,2.0,0.0,0.0,0.0,0.0,0.0,0.0,0.0,32.0,23.0,0.174,4.0,0.0,0.0,1.0,1.0,2.0,3.0,0.0,0.0,0.0,0.0,0.0,0.0,0.0,0.0,0.0
Levi Richards,OF,R Acuna Jr,Ronald Acuña Jr.,954.0,N,hitter,660670.0,ATL,99.0,18.0,1.0,19.0,50.0,59.0,51.0,20.0,5.0,0.0,0.0,0.0,0.0,0.0,0.0,0.0,144.0,53.0,0.302,16.0,4.0,0.0,5.0,3.0,9.0,11.0,0.0,0.0,0.0,0.0,0.0,0.0,0.0,0.0,0.0
Levi Richards,OF,J Soto,Juan Soto,1029.0,N,hitter,665742.0,NYM,101.0,11.0,2.0,26.0,73.0,59.0,64.0,9.0,0.0,0.0,0.0,0.0,0.0,0.0,0.0,0.0,134.0,54.0,0.259,14.0,3.0,0.0,3.0,8.0,9.0,8.0,1.0,0.0,0.0,0.0,0.0,0.0,0.0,0.0,0.0
Levi Richards,OF,J Wood,James Wood,1438.0,N,hitter,695578.0,WSH,128.0,30.0,1.0,30.0,99.0,102.0,76.0,21.0,4.0,0.0,0.0,0.0,0.0,0.0,0.0,0.0,84.0,36.0,0.25,9.0,2.0,0.0,0.0,9.0,2.0,2.0,4.0,0.0,0.0,0.0,0.0,0.0,0.0,0.0,0.0
Levi Richards,OF,C Carroll,Corbin Carroll,1360.0,N,hitter,682998.0,AZ,133.0,31.0,16.0,22.0,70.0,89.0,69.0,21.0,8.0,0.0,0.0,0.0,0.0,0.0,0.0,0.0,91.0,39.0,0.256,10.0,3.0,0.0,3.0,1.0,6.0,8.0,0.0,0.0,0.0,0.0,0.0,0.0,0.0,0.0,0.0
Levi Richards,OF,F Tatis Jr,Fernando Tatis Jr.,1465.0,N,hitter,665487.0,SD,171.0,30.0,3.0,23.0,62.0,92.0,79.0,35.0,6.0,0.0,0.0,0.0,0.0,0.0,0.0,0.0,172.0,52.0,0.327,17.0,1.0,1.0,4.0,8.0,12.0,9.0,4.0,1.0,0.0,0.0,0.0,0.0,0.0,0.0,0.0
Levi Richards,DH/Utility,K Schwarber,Kyle Schwarber,1452.0,N,hitter,656941.0,PHI,130.0,17.0,1.0,45.0,96.0,90.0,95.0,3.0,7.0,0.0,0.0,0.0,0.0,0.0,0.0,0.0,137.0,49.0,0.204,10.0,0.0,0.0,5.0,9.0,9.0,12.0,0.0,1.0,0.0,0.0,0.0,0.0,0.0,0.0,0.0
Levi Richards,DH/Utility,S Ohtani,Shohei Ohtani,1956.0,Y,both,660271.0,,139.0,25.0,4.0,30.0,80.0,89.0,80.0,11.0,7.0,85.2,17.0,8.0,0.0,95.0,12.0,0.0,3.0,3.0,0.0,0.0,0.0,0.0,0.0,1.0,0.0,0.0,0.0,0.0,0.0,0.0,0.0,0.0,0.0,0.0,0.0
Levi Richards,SP,G Crochet,Garrett Crochet,168.0,Y,pitcher,676979.0,,0.0,0.0,0.0,0.0,0.0,0.0,0.0,0.0,0.0,30.0,21.0,3.0,0.0,37.0,3.0,0.0,0.0,0.0,0.0,0.0,0.0,0.0,0.0,0.0,0.0,0.0,0.0,0.0,0.0,0.0,0.0,0.0,0.0,0.0,0.0
Levi Richards,SP,S Smith,Shane Smith,28.0,Y,pitcher,681343.0,,0.0,0.0,0.0,0.0,0.0,0.0,0.0,0.0,0.0,8.1,10.0,0.0,0.0,11.0,0.0,0.0,0.0,0.0,0.0,0.0,0.0,0.0,0.0,0.0,0.0,0.0,0.0,0.0,0.0,0.0,0.0,0.0,0.0,0.0,0.0
Levi Richards,SP,T Skubal,Tarik Skubal,952.0,N,pitcher,669373.0,LAD,0.0,0.0,0.0,0.0,0.0,0.0,0.0,0.0,0.0,146.2,44.0,10.0,0.0,173.0,15.0,0.0,89.0,0.0,0.0,0.0,0.0,0.0,0.0,0.0,0.0,0.0,0.0,0.0,14.1,2.0,1.26,2.0,0.0,14.0,0.0
Levi Richards,SP,H Brown,Hunter Brown,575.0,N,pitcher,686613.0,HOU,0.0,0.0,0.0,0.0,0.0,0.0,0.0,0.0,0.0,97.0,37.0,6.0,0.0,110.0,7.0,0.0,71.0,0.0,0.0,0.0,0.0,0.0,0.0,0.0,0.0,0.0,0.0,0.0,10.0,5.0,4.5,1.0,0.0,17.0,0.0
Levi Richards,SP,N Eovaldi,Nathan Eovaldi,759.0,N,pitcher,543135.0,TEX,0.0,0.0,0.0,0.0,0.0,0.0,0.0,0.0,0.0,139.1,63.0,11.0,0.0,140.0,11.0,0.0,31.0,0.0,0.0,0.0,0.0,0.0,0.0,0.0,0.0,0.0,0.0,0.0,6.2,1.0,1.35,1.0,0.0,3.0,0.0
Levi Richards,SP,P Skenes,Paul Skenes,971.0,N,pitcher,694973.0,PIT,0.0,0.0,0.0,0.0,0.0,0.0,0.0,0.0,0.0,168.0,73.0,10.0,0.0,192.0,12.0,0.0,78.0,0.0,0.0,0.0,0.0,0.0,0.0,0.0,0.0,0.0,0.0,0.0,18.1,7.0,3.44,1.0,0.0,13.0,0.0
Levi Richards,SP,M Liberatore,Matthew Liberatore,685.0,N,pitcher,669461.0,STL,0.0,0.0,0.0,0.0,0.0,0.0,0.0,0.0,0.0,149.1,89.0,5.0,0.0,148.0,7.0,0.0,41.0,0.0,0.0,0.0,0.0,0.0,0.0,0.0,0.0,0.0,0.0,0.0,14.2,8.0,4.91,0.0,0.0,7.0,0.0
Levi Richards,SP,M Lorenzen,Michael Lorenzen,376.0,Y,pitcher,547179.0,,0.0,0.0,0.0,0.0,0.0,0.0,0.0,0.0,0.0,127.1,102.0,3.0,1.0,90.0,2.0,0.0,8.0,0.0,0.0,0.0,0.0,0.0,0.0,0.0,0.0,0.0,0.0,0.0,5.2,7.0,11.12,0.0,0.0,4.0,0.0
Levi Richards,RP,R Detmers,Reid Detmers,1029.0,N,pitcher,672282.0,LAA,0.0,0.0,0.0,0.0,0.0,0.0,0.0,0.0,0.0,174.0,65.0,6.0,0.0,199.0,15.0,0.0,88.0,0.0,0.0,0.0,0.0,0.0,0.0,0.0,0.0,0.0,0.0,0.0,12.0,3.0,2.25,2.0,0.0,17.0,0.0
Levi Richards,RP,P Fairbanks,Pete Fairbanks,327.0,Y,pitcher,664126.0,,0.0,0.0,0.0,0.0,0.0,0.0,0.0,0.0,0.0,41.1,29.0,4.0,19.0,57.0,0.0,2.0,2.0,0.0,0.0,0.0,0.0,0.0,0.0,0.0,0.0,0.0,0.0,0.0,1.0,2.0,18.0,0.0,1.0,0.0,0.0
Levi Richards,RP,D Palencia,Daniel Palencia,145.0,N,pitcher,694037.0,CHC,0.0,0.0,0.0,0.0,0.0,0.0,0.0,0.0,0.0,25.1,12.0,2.0,3.0,26.0,0.0,1.0,21.0,0.0,0.0,0.0,0.0,0.0,0.0,0.0,0.0,0.0,0.0,0.0,4.1,0.0,0.0,0.0,0.0,2.0,1.0
Levi Richards,RP,E Pagan,Emilio Pagán,348.0,N,pitcher,641941.0,CIN,0.0,0.0,0.0,0.0,0.0,0.0,0.0,0.0,0.0,40.2,16.0,5.0,24.0,43.0,0.0,0.0,57.0,0.0,0.0,0.0,0.0,0.0,0.0,0.0,0.0,0.0,0.0,0.0,5.1,0.0,0.0,0.0,4.0,7.0,0.0
Mike Zisk,C,C Raleigh,Cal Raleigh,868.0,N,hitter,663728.0,SEA,77.0,14.0,0.0,22.0,66.0,47.0,66.0,2.0,3.0,0.0,0.0,0.0,0.0,0.0,0.0,0.0,96.0,46.0,0.217,10.0,3.0,0.0,1.0,6.0,8.0,8.0,0.0,0.0,0.0,0.0,0.0,0.0,0.0,0.0,0.0
Mike Zisk,C,H Goodman,Hunter Goodman,1179.0,N,hitter,696100.0,COL,119.0,19.0,2.0,38.0,44.0,80.0,81.0,5.0,5.0,0.0,0.0,0.0,0.0,0.0,0.0,0.0,73.0,35.0,0.171,6.0,1.0,1.0,2.0,2.0,5.0,7.0,0.0,1.0,0.0,0.0,0.0,0.0,0.0,0.0,0.0
Mike Zisk,1B,V Guerrero Jr,Vladimir Guerrero Jr.,1008.0,N,hitter,665489.0,TOR,137.0,24.0,0.0,9.0,55.0,71.0,56.0,7.0,5.0,0.0,0.0,0.0,0.0,0.0,0.0,0.0,81.0,47.0,0.255,12.0,2.0,0.0,1.0,5.0,5.0,2.0,0.0,1.0,0.0,0.0,0.0,0.0,0.0,0.0,0.0
Mike Zisk,1B,N Kurtz,Nick Kurtz,1003.0,Y,hitter,701762.0,,90.0,15.0,1.0,21.0,79.0,62.0,69.0,7.0,3.0,0.0,0.0,0.0,0.0,0.0,0.0,0.0,0.0,0.0,0.0,0.0,0.0,0.0,0.0,0.0,0.0,0.0,0.0,0.0,0.0,0.0,0.0,0.0,0.0,0.0,0.0
Mike Zisk,2B,B Turang,Brice Turang,1417.0,N,hitter,668930.0,MIL,147.0,34.0,3.0,19.0,89.0,97.0,93.0,19.0,1.0,0.0,0.0,0.0,0.0,0.0,0.0,0.0,169.0,38.0,0.421,16.0,4.0,0.0,2.0,15.0,12.0,11.0,1.0,0.0,0.0,0.0,0.0,0.0,0.0,0.0,0.0
Mike Zisk,2B,K Marte,Ketel Marte,1117.0,N,hitter,606466.0,AZ,132.0,29.0,3.0,22.0,47.0,71.0,74.0,4.0,6.0,0.0,0.0,0.0,0.0,0.0,0.0,0.0,96.0,53.0,0.226,12.0,5.0,0.0,1.0,4.0,6.0,7.0,0.0,0.0,0.0,0.0,0.0,0.0,0.0,0.0,0.0
Mike Zisk,3B,J Caminero,Junior Caminero,1490.0,N,hitter,691406.0,TB,162.0,24.0,1.0,41.0,78.0,94.0,97.0,3.0,4.0,0.0,0.0,0.0,0.0,0.0,0.0,0.0,127.0,44.0,0.25,11.0,3.0,0.0,4.0,8.0,8.0,7.0,0.0,1.0,0.0,0.0,0.0,0.0,0.0,0.0,0.0
Mike Zisk,3B,J Ramirez,José Ramírez,1019.0,N,hitter,608070.0,CLE,103.0,26.0,0.0,12.0,57.0,65.0,51.0,34.0,3.0,0.0,0.0,0.0,0.0,0.0,0.0,0.0,61.0,43.0,0.163,7.0,2.0,0.0,1.0,1.0,3.0,3.0,3.0,0.0,0.0,0.0,0.0,0.0,0.0,0.0,0.0
Mike Zisk,SS,B Witt Jr,Bobby Witt Jr.,1309.0,N,hitter,677951.0,KC,145.0,30.0,1.0,18.0,66.0,85.0,54.0,42.0,3.0,0.0,0.0,0.0,0.0,0.0,0.0,0.0,101.0,45.0,0.2,9.0,2.0,0.0,1.0,8.0,6.0,3.0,4.0,1.0,0.0,0.0,0.0,0.0,0.0,0.0,0.0
Mike Zisk,SS,E De La Cruz,Elly De La Cruz,1416.0,N,hitter,682829.0,CIN,152.0,29.0,5.0,28.0,66.0,96.0,74.0,27.0,2.0,0.0,0.0,0.0,0.0,0.0,0.0,0.0,204.0,48.0,0.396,19.0,5.0,0.0,7.0,7.0,12.0,13.0,3.0,0.0,0.0,0.0,0.0,0.0,0.0,0.0,0.0
Mike Zisk,OF,A Judge,Aaron Judge,654.0,N,hitter,592450.0,NYY,57.0,10.0,0.0,18.0,43.0,45.0,41.0,5.0,2.0,0.0,0.0,0.0,0.0,0.0,0.0,0.0,32.0,23.0,0.174,4.0,0.0,0.0,1.0,1.0,2.0,3.0,0.0,0.0,0.0,0.0,0.0,0.0,0.0,0.0,0.0
Mike Zisk,OF,R Acuna Jr,Ronald Acuña Jr.,954.0,N,hitter,660670.0,ATL,99.0,18.0,1.0,19.0,50.0,59.0,51.0,20.0,5.0,0.0,0.0,0.0,0.0,0.0,0.0,0.0,144.0,53.0,0.302,16.0,4.0,0.0,5.0,3.0,9.0,11.0,0.0,0.0,0.0,0.0,0.0,0.0,0.0,0.0,0.0
Mike Zisk,OF,J Soto,Juan Soto,1029.0,N,hitter,665742.0,NYM,101.0,11.0,2.0,26.0,73.0,59.0,64.0,9.0,0.0,0.0,0.0,0.0,0.0,0.0,0.0,0.0,134.0,54.0,0.259,14.0,3.0,0.0,3.0,8.0,9.0,8.0,1.0,0.0,0.0,0.0,0.0,0.0,0.0,0.0,0.0
Mike Zisk,OF,J Wood,James Wood,1438.0,N,hitter,695578.0,WSH,128.0,30.0,1.0,30.0,99.0,102.0,76.0,21.0,4.0,0.0,0.0,0.0,0.0,0.0,0.0,0.0,84.0,36.0,0.25,9.0,2.0,0.0,0.0,9.0,2.0,2.0,4.0,0.0,0.0,0.0,0.0,0.0,0.0,0.0,0.0
Mike Zisk,OF,P Crow-Armstrong,Pete Crow-Armstrong,1794.0,N,hitter,691718.0,CHC,167.0,29.0,8.0,44.0,78.0,115.0,105.0,37.0,12.0,0.0,0.0,0.0,0.0,0.0,0.0,0.0,160.0,50.0,0.28,14.0,1.0,1.0,5.0,4.0,10.0,12.0,4.0,1.0,0.0,0.0,0.0,0.0,0.0,0.0,0.0
Mike Zisk,OF,F Tatis Jr,Fernando Tatis Jr.,1465.0,N,hitter,665487.0,SD,171.0,30.0,3.0,23.0,62.0,92.0,79.0,35.0,6.0,0.0,0.0,0.0,0.0,0.0,0.0,0.0,172.0,52.0,0.327,17.0,1.0,1.0,4.0,8.0,12.0,9.0,4.0,1.0,0.0,0.0,0.0,0.0,0.0,0.0,0.0
Mike Zisk,DH/Utility,G Henderson,Gunnar Henderson,1221.0,N,hitter,683002.0,BAL,135.0,26.0,5.0,23.0,65.0,87.0,58.0,10.0,9.0,0.0,0.0,0.0,0.0,0.0,0.0,0.0,77.0,40.0,0.275,11.0,2.0,0.0,1.0,7.0,4.0,1.0,0.0,0.0,0.0,0.0,0.0,0.0,0.0,0.0,0.0
Mike Zisk,DH/Utility,S Ohtani,Shohei Ohtani,1956.0,Y,both,660271.0,,139.0,25.0,4.0,30.0,80.0,89.0,80.0,11.0,7.0,85.2,17.0,8.0,0.0,95.0,12.0,0.0,3.0,3.0,0.0,0.0,0.0,0.0,0.0,1.0,0.0,0.0,0.0,0.0,0.0,0.0,0.0,0.0,0.0,0.0,0.0
Mike Zisk,SP,G Crochet,Garrett Crochet,168.0,Y,pitcher,676979.0,,0.0,0.0,0.0,0.0,0.0,0.0,0.0,0.0,0.0,30.0,21.0,3.0,0.0,37.0,3.0,0.0,0.0,0.0,0.0,0.0,0.0,0.0,0.0,0.0,0.0,0.0,0.0,0.0,0.0,0.0,0.0,0.0,0.0,0.0,0.0
Mike Zisk,SP,T Skubal,Tarik Skubal,952.0,N,pitcher,669373.0,LAD,0.0,0.0,0.0,0.0,0.0,0.0,0.0,0.0,0.0,146.2,44.0,10.0,0.0,173.0,15.0,0.0,89.0,0.0,0.0,0.0,0.0,0.0,0.0,0.0,0.0,0.0,0.0,0.0,14.1,2.0,1.26,2.0,0.0,14.0,0.0
Mike Zisk,SP,J Ryan,Joe Ryan,753.0,N,pitcher,657746.0,MIN,0.0,0.0,0.0,0.0,0.0,0.0,0.0,0.0,0.0,133.2,57.0,6.0,0.0,146.0,11.0,0.0,30.0,0.0,0.0,0.0,0.0,0.0,0.0,0.0,0.0,0.0,0.0,0.0,8.0,6.0,6.75,0.0,0.0,8.0,0.0
Mike Zisk,SP,H Brown,Hunter Brown,575.0,N,pitcher,686613.0,HOU,0.0,0.0,0.0,0.0,0.0,0.0,0.0,0.0,0.0,97.0,37.0,6.0,0.0,110.0,7.0,0.0,71.0,0.0,0.0,0.0,0.0,0.0,0.0,0.0,0.0,0.0,0.0,0.0,10.0,5.0,4.5,1.0,0.0,17.0,0.0
Mike Zisk,SP,M Gore,MacKenzie Gore,840.0,N,pitcher,669022.0,TEX,0.0,0.0,0.0,0.0,0.0,0.0,0.0,0.0,0.0,165.2,86.0,8.0,0.0,172.0,9.0,0.0,6.0,0.0,0.0,0.0,0.0,0.0,0.0,0.0,0.0,0.0,0.0,0.0,11.0,12.0,9.82,0.0,0.0,3.0,0.0
Mike Zisk,SP,C Sanchez,Cristopher Sánchez,1222.0,N,pitcher,650911.0,PHI,0.0,0.0,0.0,0.0,0.0,0.0,0.0,0.0,0.0,193.2,63.0,17.0,0.0,215.0,20.0,0.0,33.0,0.0,0.0,0.0,0.0,0.0,0.0,0.0,0.0,0.0,0.0,0.0,12.1,11.0,8.03,1.0,0.0,8.0,0.0
Mike Zisk,SP,P Skenes,Paul Skenes,971.0,N,pitcher,694973.0,PIT,0.0,0.0,0.0,0.0,0.0,0.0,0.0,0.0,0.0,168.0,73.0,10.0,0.0,192.0,12.0,0.0,78.0,0.0,0.0,0.0,0.0,0.0,0.0,0.0,0.0,0.0,0.0,0.0,18.1,7.0,3.44,1.0,0.0,13.0,0.0
Mike Zisk,SP,L Webb,Logan Webb,778.0,Y,pitcher,657277.0,,0.0,0.0,0.0,0.0,0.0,0.0,0.0,0.0,0.0,160.2,77.0,8.0,0.0,134.0,17.0,0.0,57.0,0.0,0.0,0.0,0.0,0.0,0.0,0.0,0.0,0.0,0.0,0.0,11.0,7.0,5.73,0.0,0.0,15.0,0.0
Mike Zisk,RP,S Dominguez,Seranthony Domínguez,387.0,N,pitcher,622554.0,SEA,0.0,0.0,0.0,0.0,0.0,0.0,0.0,0.0,0.0,59.0,25.0,5.0,12.0,62.0,0.0,7.0,35.0,0.0,0.0,0.0,0.0,0.0,0.0,0.0,0.0,0.0,0.0,0.0,6.0,0.0,0.0,0.0,0.0,5.0,1.0
Mike Zisk,RP,R Detmers,Reid Detmers,1029.0,N,pitcher,672282.0,LAA,0.0,0.0,0.0,0.0,0.0,0.0,0.0,0.0,0.0,174.0,65.0,6.0,0.0,199.0,15.0,0.0,88.0,0.0,0.0,0.0,0.0,0.0,0.0,0.0,0.0,0.0,0.0,0.0,12.0,3.0,2.25,2.0,0.0,17.0,0.0
Mike Zisk,RP,P Fairbanks,Pete Fairbanks,327.0,Y,pitcher,664126.0,,0.0,0.0,0.0,0.0,0.0,0.0,0.0,0.0,0.0,41.1,29.0,4.0,19.0,57.0,0.0,2.0,2.0,0.0,0.0,0.0,0.0,0.0,0.0,0.0,0.0,0.0,0.0,0.0,1.0,2.0,18.0,0.0,1.0,0.0,0.0
Mike Zisk,RP,M Svanson,Matt Svanson,162.0,Y,pitcher,694335.0,,0.0,0.0,0.0,0.0,0.0,0.0,0.0,0.0,0.0,43.1,35.0,2.0,0.0,41.0,0.0,2.0,0.0,0.0,0.0,0.0,0.0,0.0,0.0,0.0,0.0,0.0,0.0,0.0,0.0,0.0,0.0,0.0,0.0,0.0,0.0
Emily Zaikowski,C,C Raleigh,Cal Raleigh,868.0,N,hitter,663728.0,SEA,77.0,14.0,0.0,22.0,66.0,47.0,66.0,2.0,3.0,0.0,0.0,0.0,0.0,0.0,0.0,0.0,96.0,46.0,0.217,10.0,3.0,0.0,1.0,6.0,8.0,8.0,0.0,0.0,0.0,0.0,0.0,0.0,0.0,0.0,0.0
Emily Zaikowski,C,W Contreras,William Contreras,1172.0,N,hitter,661388.0,MIL,147.0,27.0,1.0,17.0,58.0,81.0,87.0,1.0,4.0,0.0,0.0,0.0,0.0,0.0,0.0,0.0,125.0,38.0,0.263,10.0,2.0,0.0,4.0,5.0,9.0,14.0,0.0,0.0,0.0,0.0,0.0,0.0,0.0,0.0,0.0
Emily Zaikowski,1B,P Alonso,Pete Alonso,1478.0,N,hitter,624413.0,BAL,154.0,24.0,0.0,38.0,78.0,92.0,105.0,5.0,10.0,0.0,0.0,0.0,0.0,0.0,0.0,0.0,135.0,45.0,0.267,12.0,0.0,0.0,5.0,9.0,6.0,11.0,0.0,1.0,0.0,0.0,0.0,0.0,0.0,0.0,0.0
Emily Zaikowski,1B,N Kurtz,Nick Kurtz,1003.0,Y,hitter,701762.0,,90.0,15.0,1.0,21.0,79.0,62.0,69.0,7.0,3.0,0.0,0.0,0.0,0.0,0.0,0.0,0.0,0.0,0.0,0.0,0.0,0.0,0.0,0.0,0.0,0.0,0.0,0.0,0.0,0.0,0.0,0.0,0.0,0.0,0.0,0.0
Emily Zaikowski,2B,O Albies,Ozzie Albies,1154.0,N,hitter,645277.0,ATL,143.0,27.0,1.0,22.0,46.0,84.0,71.0,4.0,7.0,0.0,0.0,0.0,0.0,0.0,0.0,0.0,74.0,46.0,0.13,6.0,2.0,1.0,1.0,4.0,8.0,3.0,1.0,0.0,0.0,0.0,0.0,0.0,0.0,0.0,0.0
Emily Zaikowski,2B,K Marte,Ketel Marte,1117.0,N,hitter,606466.0,AZ,132.0,29.0,3.0,22.0,47.0,71.0,74.0,4.0,6.0,0.0,0.0,0.0,0.0,0.0,0.0,0.0,96.0,53.0,0.226,12.0,5.0,0.0,1.0,4.0,6.0,7.0,0.0,0.0,0.0,0.0,0.0,0.0,0.0,0.0,0.0
Emily Zaikowski,3B,J Caminero,Junior Caminero,1490.0,N,hitter,691406.0,TB,162.0,24.0,1.0,41.0,78.0,94.0,97.0,3.0,4.0,0.0,0.0,0.0,0.0,0.0,0.0,0.0,127.0,44.0,0.25,11.0,3.0,0.0,4.0,8.0,8.0,7.0,0.0,1.0,0.0,0.0,0.0,0.0,0.0,0.0,0.0
Emily Zaikowski,3B,J Ramirez,José Ramírez,1019.0,N,hitter,608070.0,CLE,103.0,26.0,0.0,12.0,57.0,65.0,51.0,34.0,3.0,0.0,0.0,0.0,0.0,0.0,0.0,0.0,61.0,43.0,0.163,7.0,2.0,0.0,1.0,1.0,3.0,3.0,3.0,0.0,0.0,0.0,0.0,0.0,0.0,0.0,0.0
Emily Zaikowski,SS,B Witt Jr,Bobby Witt Jr.,1309.0,N,hitter,677951.0,KC,145.0,30.0,1.0,18.0,66.0,85.0,54.0,42.0,3.0,0.0,0.0,0.0,0.0,0.0,0.0,0.0,101.0,45.0,0.2,9.0,2.0,0.0,1.0,8.0,6.0,3.0,4.0,1.0,0.0,0.0,0.0,0.0,0.0,0.0,0.0
Emily Zaikowski,SS,E De La Cruz,Elly De La Cruz,1416.0,N,hitter,682829.0,CIN,152.0,29.0,5.0,28.0,66.0,96.0,74.0,27.0,2.0,0.0,0.0,0.0,0.0,0.0,0.0,0.0,204.0,48.0,0.396,19.0,5.0,0.0,7.0,7.0,12.0,13.0,3.0,0.0,0.0,0.0,0.0,0.0,0.0,0.0,0.0
Emily Zaikowski,OF,A Judge,Aaron Judge,654.0,N,hitter,592450.0,NYY,57.0,10.0,0.0,18.0,43.0,45.0,41.0,5.0,2.0,0.0,0.0,0.0,0.0,0.0,0.0,0.0,32.0,23.0,0.174,4.0,0.0,0.0,1.0,1.0,2.0,3.0,0.0,0.0,0.0,0.0,0.0,0.0,0.0,0.0,0.0
Emily Zaikowski,OF,Y Alvarez,Yordan Alvarez,1625.0,N,hitter,670541.0,HOU,167.0,32.0,1.0,40.0,105.0,98.0,99.0,1.0,10.0,0.0,0.0,0.0,0.0,0.0,0.0,0.0,98.0,34.0,0.235,8.0,3.0,0.0,3.0,8.0,5.0,5.0,0.0,0.0,0.0,0.0,0.0,0.0,0.0,0.0,0.0
Emily Zaikowski,OF,M Trout,Mike Trout,1214.0,N,hitter,545361.0,LAA,117.0,25.0,0.0,21.0,99.0,82.0,53.0,11.0,10.0,0.0,0.0,0.0,0.0,0.0,0.0,0.0,108.0,45.0,0.244,11.0,4.0,0.0,1.0,10.0,7.0,3.0,0.0,2.0,0.0,0.0,0.0,0.0,0.0,0.0,0.0
Emily Zaikowski,OF,J Soto,Juan Soto,1029.0,N,hitter,665742.0,NYM,101.0,11.0,2.0,26.0,73.0,59.0,64.0,9.0,0.0,0.0,0.0,0.0,0.0,0.0,0.0,0.0,134.0,54.0,0.259,14.0,3.0,0.0,3.0,8.0,9.0,8.0,1.0,0.0,0.0,0.0,0.0,0.0,0.0,0.0,0.0
Emily Zaikowski,OF,J Wood,James Wood,1438.0,N,hitter,695578.0,WSH,128.0,30.0,1.0,30.0,99.0,102.0,76.0,21.0,4.0,0.0,0.0,0.0,0.0,0.0,0.0,0.0,84.0,36.0,0.25,9.0,2.0,0.0,0.0,9.0,2.0,2.0,4.0,0.0,0.0,0.0,0.0,0.0,0.0,0.0,0.0
Emily Zaikowski,OF,F Tatis Jr,Fernando Tatis Jr.,1465.0,N,hitter,665487.0,SD,171.0,30.0,3.0,23.0,62.0,92.0,79.0,35.0,6.0,0.0,0.0,0.0,0.0,0.0,0.0,0.0,172.0,52.0,0.327,17.0,1.0,1.0,4.0,8.0,12.0,9.0,4.0,1.0,0.0,0.0,0.0,0.0,0.0,0.0,0.0
Emily Zaikowski,DH/Utility,V Guerrero Jr,Vladimir Guerrero Jr.,1008.0,N,hitter,665489.0,TOR,137.0,24.0,0.0,9.0,55.0,71.0,56.0,7.0,5.0,0.0,0.0,0.0,0.0,0.0,0.0,0.0,81.0,47.0,0.255,12.0,2.0,0.0,1.0,5.0,5.0,2.0,0.0,1.0,0.0,0.0,0.0,0.0,0.0,0.0,0.0
Emily Zaikowski,DH/Utility,S Ohtani,Shohei Ohtani,1956.0,Y,both,660271.0,,139.0,25.0,4.0,30.0,80.0,89.0,80.0,11.0,7.0,85.2,17.0,8.0,0.0,95.0,12.0,0.0,3.0,3.0,0.0,0.0,0.0,0.0,0.0,1.0,0.0,0.0,0.0,0.0,0.0,0.0,0.0,0.0,0.0,0.0,0.0
Emily Zaikowski,SP,G Crochet,Garrett Crochet,168.0,Y,pitcher,676979.0,,0.0,0.0,0.0,0.0,0.0,0.0,0.0,0.0,0.0,30.0,21.0,3.0,0.0,37.0,3.0,0.0,0.0,0.0,0.0,0.0,0.0,0.0,0.0,0.0,0.0,0.0,0.0,0.0,0.0,0.0,0.0,0.0,0.0,0.0,0.0
Emily Zaikowski,SP,S Smith,Shane Smith,28.0,Y,pitcher,681343.0,,0.0,0.0,0.0,0.0,0.0,0.0,0.0,0.0,0.0,8.1,10.0,0.0,0.0,11.0,0.0,0.0,0.0,0.0,0.0,0.0,0.0,0.0,0.0,0.0,0.0,0.0,0.0,0.0,0.0,0.0,0.0,0.0,0.0,0.0,0.0
Emily Zaikowski,SP,T Skubal,Tarik Skubal,952.0,N,pitcher,669373.0,LAD,0.0,0.0,0.0,0.0,0.0,0.0,0.0,0.0,0.0,146.2,44.0,10.0,0.0,173.0,15.0,0.0,89.0,0.0,0.0,0.0,0.0,0.0,0.0,0.0,0.0,0.0,0.0,0.0,14.1,2.0,1.26,2.0,0.0,14.0,0.0
Emily Zaikowski,SP,J Ryan,Joe Ryan,753.0,N,pitcher,657746.0,MIN,0.0,0.0,0.0,0.0,0.0,0.0,0.0,0.0,0.0,133.2,57.0,6.0,0.0,146.0,11.0,0.0,30.0,0.0,0.0,0.0,0.0,0.0,0.0,0.0,0.0,0.0,0.0,0.0,8.0,6.0,6.75,0.0,0.0,8.0,0.0
Emily Zaikowski,SP,M Gore,MacKenzie Gore,840.0,N,pitcher,669022.0,TEX,0.0,0.0,0.0,0.0,0.0,0.0,0.0,0.0,0.0,165.2,86.0,8.0,0.0,172.0,9.0,0.0,6.0,0.0,0.0,0.0,0.0,0.0,0.0,0.0,0.0,0.0,0.0,0.0,11.0,12.0,9.82,0.0,0.0,3.0,0.0
Emily Zaikowski,SP,C Sanchez,Cristopher Sánchez,1222.0,N,pitcher,650911.0,PHI,0.0,0.0,0.0,0.0,0.0,0.0,0.0,0.0,0.0,193.2,63.0,17.0,0.0,215.0,20.0,0.0,33.0,0.0,0.0,0.0,0.0,0.0,0.0,0.0,0.0,0.0,0.0,0.0,12.1,11.0,8.03,1.0,0.0,8.0,0.0
Emily Zaikowski,SP,P Skenes,Paul Skenes,971.0,N,pitcher,694973.0,PIT,0.0,0.0,0.0,0.0,0.0,0.0,0.0,0.0,0.0,168.0,73.0,10.0,0.0,192.0,12.0,0.0,78.0,0.0,0.0,0.0,0.0,0.0,0.0,0.0,0.0,0.0,0.0,0.0,18.1,7.0,3.44,1.0,0.0,13.0,0.0
Emily Zaikowski,SP,L Webb,Logan Webb,778.0,Y,pitcher,657277.0,,0.0,0.0,0.0,0.0,0.0,0.0,0.0,0.0,0.0,160.2,77.0,8.0,0.0,134.0,17.0,0.0,57.0,0.0,0.0,0.0,0.0,0.0,0.0,0.0,0.0,0.0,0.0,0.0,11.0,7.0,5.73,0.0,0.0,15.0,0.0
Emily Zaikowski,RP,P Fairbanks,Pete Fairbanks,327.0,Y,pitcher,664126.0,,0.0,0.0,0.0,0.0,0.0,0.0,0.0,0.0,0.0,41.1,29.0,4.0,19.0,57.0,0.0,2.0,2.0,0.0,0.0,0.0,0.0,0.0,0.0,0.0,0.0,0.0,0.0,0.0,1.0,2.0,18.0,0.0,1.0,0.0,0.0
Emily Zaikowski,RP,D Palencia,Daniel Palencia,145.0,N,pitcher,694037.0,CHC,0.0,0.0,0.0,0.0,0.0,0.0,0.0,0.0,0.0,25.1,12.0,2.0,3.0,26.0,0.0,1.0,21.0,0.0,0.0,0.0,0.0,0.0,0.0,0.0,0.0,0.0,0.0,0.0,4.1,0.0,0.0,0.0,0.0,2.0,1.0
Emily Zaikowski,RP,Jo Romero,JoJo Romero,291.0,N,pitcher,668941.0,MIL,0.0,0.0,0.0,0.0,0.0,0.0,0.0,0.0,0.0,51.2,21.0,2.0,0.0,49.0,0.0,21.0,21.0,0.0,0.0,0.0,0.0,0.0,0.0,0.0,0.0,0.0,0.0,0.0,7.0,5.0,6.43,0.0,0.0,5.0,0.0
Emily Zaikowski,RP,V Vodnik,Victor Vodnik,229.0,N,pitcher,680767.0,MIA,0.0,0.0,0.0,0.0,0.0,0.0,0.0,0.0,0.0,53.2,32.0,3.0,4.0,39.0,0.0,6.0,9.0,0.0,0.0,0.0,0.0,0.0,0.0,0.0,0.0,0.0,0.0,0.0,6.0,6.0,9.0,0.0,0.0,3.0,0.0
Julie Brittain,C,C Raleigh,Cal Raleigh,868.0,N,hitter,663728.0,SEA,77.0,14.0,0.0,22.0,66.0,47.0,66.0,2.0,3.0,0.0,0.0,0.0,0.0,0.0,0.0,0.0,96.0,46.0,0.217,10.0,3.0,0.0,1.0,6.0,8.0,8.0,0.0,0.0,0.0,0.0,0.0,0.0,0.0,0.0,0.0
Julie Brittain,C,W Contreras,William Contreras,1172.0,N,hitter,661388.0,MIL,147.0,27.0,1.0,17.0,58.0,81.0,87.0,1.0,4.0,0.0,0.0,0.0,0.0,0.0,0.0,0.0,125.0,38.0,0.263,10.0,2.0,0.0,4.0,5.0,9.0,14.0,0.0,0.0,0.0,0.0,0.0,0.0,0.0,0.0,0.0
Julie Brittain,1B,V Guerrero Jr,Vladimir Guerrero Jr.,1008.0,N,hitter,665489.0,TOR,137.0,24.0,0.0,9.0,55.0,71.0,56.0,7.0,5.0,0.0,0.0,0.0,0.0,0.0,0.0,0.0,81.0,47.0,0.255,12.0,2.0,0.0,1.0,5.0,5.0,2.0,0.0,1.0,0.0,0.0,0.0,0.0,0.0,0.0,0.0
Julie Brittain,1B,N Kurtz,Nick Kurtz,1003.0,Y,hitter,701762.0,,90.0,15.0,1.0,21.0,79.0,62.0,69.0,7.0,3.0,0.0,0.0,0.0,0.0,0.0,0.0,0.0,0.0,0.0,0.0,0.0,0.0,0.0,0.0,0.0,0.0,0.0,0.0,0.0,0.0,0.0,0.0,0.0,0.0,0.0,0.0
Julie Brittain,2B,N Hoerner,Nico Hoerner,1114.0,N,hitter,663538.0,CHC,158.0,28.0,1.0,8.0,41.0,61.0,69.0,22.0,8.0,0.0,0.0,0.0,0.0,0.0,0.0,0.0,67.0,49.0,0.265,13.0,1.0,0.0,0.0,0.0,5.0,6.0,0.0,1.0,0.0,0.0,0.0,0.0,0.0,0.0,0.0
Julie Brittain,2B,K Marte,Ketel Marte,1117.0,N,hitter,606466.0,AZ,132.0,29.0,3.0,22.0,47.0,71.0,74.0,4.0,6.0,0.0,0.0,0.0,0.0,0.0,0.0,0.0,96.0,53.0,0.226,12.0,5.0,0.0,1.0,4.0,6.0,7.0,0.0,0.0,0.0,0.0,0.0,0.0,0.0,0.0,0.0
Julie Brittain,3B,J Caminero,Junior Caminero,1490.0,N,hitter,691406.0,TB,162.0,24.0,1.0,41.0,78.0,94.0,97.0,3.0,4.0,0.0,0.0,0.0,0.0,0.0,0.0,0.0,127.0,44.0,0.25,11.0,3.0,0.0,4.0,8.0,8.0,7.0,0.0,1.0,0.0,0.0,0.0,0.0,0.0,0.0,0.0
Julie Brittain,3B,J Ramirez,José Ramírez,1019.0,N,hitter,608070.0,CLE,103.0,26.0,0.0,12.0,57.0,65.0,51.0,34.0,3.0,0.0,0.0,0.0,0.0,0.0,0.0,0.0,61.0,43.0,0.163,7.0,2.0,0.0,1.0,1.0,3.0,3.0,3.0,0.0,0.0,0.0,0.0,0.0,0.0,0.0,0.0
Julie Brittain,SS,G Henderson,Gunnar Henderson,1221.0,N,hitter,683002.0,BAL,135.0,26.0,5.0,23.0,65.0,87.0,58.0,10.0,9.0,0.0,0.0,0.0,0.0,0.0,0.0,0.0,77.0,40.0,0.275,11.0,2.0,0.0,1.0,7.0,4.0,1.0,0.0,0.0,0.0,0.0,0.0,0.0,0.0,0.0,0.0
Julie Brittain,SS,B Witt Jr,Bobby Witt Jr.,1309.0,N,hitter,677951.0,KC,145.0,30.0,1.0,18.0,66.0,85.0,54.0,42.0,3.0,0.0,0.0,0.0,0.0,0.0,0.0,0.0,101.0,45.0,0.2,9.0,2.0,0.0,1.0,8.0,6.0,3.0,4.0,1.0,0.0,0.0,0.0,0.0,0.0,0.0,0.0
Julie Brittain,OF,A Judge,Aaron Judge,654.0,N,hitter,592450.0,NYY,57.0,10.0,0.0,18.0,43.0,45.0,41.0,5.0,2.0,0.0,0.0,0.0,0.0,0.0,0.0,0.0,32.0,23.0,0.174,4.0,0.0,0.0,1.0,1.0,2.0,3.0,0.0,0.0,0.0,0.0,0.0,0.0,0.0,0.0,0.0
Julie Brittain,OF,W Langford,Wyatt Langford,889.0,N,hitter,694671.0,TEX,93.0,19.0,2.0,17.0,50.0,62.0,41.0,14.0,4.0,0.0,0.0,0.0,0.0,0.0,0.0,0.0,116.0,39.0,0.179,7.0,1.0,0.0,2.0,12.0,8.0,5.0,4.0,0.0,0.0,0.0,0.0,0.0,0.0,0.0,0.0
Julie Brittain,OF,R Acuna Jr,Ronald Acuña Jr.,954.0,N,hitter,660670.0,ATL,99.0,18.0,1.0,19.0,50.0,59.0,51.0,20.0,5.0,0.0,0.0,0.0,0.0,0.0,0.0,0.0,144.0,53.0,0.302,16.0,4.0,0.0,5.0,3.0,9.0,11.0,0.0,0.0,0.0,0.0,0.0,0.0,0.0,0.0,0.0
Julie Brittain,OF,J Soto,Juan Soto,1029.0,N,hitter,665742.0,NYM,101.0,11.0,2.0,26.0,73.0,59.0,64.0,9.0,0.0,0.0,0.0,0.0,0.0,0.0,0.0,0.0,134.0,54.0,0.259,14.0,3.0,0.0,3.0,8.0,9.0,8.0,1.0,0.0,0.0,0.0,0.0,0.0,0.0,0.0,0.0
Julie Brittain,OF,J Wood,James Wood,1438.0,N,hitter,695578.0,WSH,128.0,30.0,1.0,30.0,99.0,102.0,76.0,21.0,4.0,0.0,0.0,0.0,0.0,0.0,0.0,0.0,84.0,36.0,0.25,9.0,2.0,0.0,0.0,9.0,2.0,2.0,4.0,0.0,0.0,0.0,0.0,0.0,0.0,0.0,0.0
Julie Brittain,OF,F Tatis Jr,Fernando Tatis Jr.,1465.0,N,hitter,665487.0,SD,171.0,30.0,3.0,23.0,62.0,92.0,79.0,35.0,6.0,0.0,0.0,0.0,0.0,0.0,0.0,0.0,172.0,52.0,0.327,17.0,1.0,1.0,4.0,8.0,12.0,9.0,4.0,1.0,0.0,0.0,0.0,0.0,0.0,0.0,0.0
Julie Brittain,DH/Utility,E De La Cruz,Elly De La Cruz,1416.0,N,hitter,682829.0,CIN,152.0,29.0,5.0,28.0,66.0,96.0,74.0,27.0,2.0,0.0,0.0,0.0,0.0,0.0,0.0,0.0,204.0,48.0,0.396,19.0,5.0,0.0,7.0,7.0,12.0,13.0,3.0,0.0,0.0,0.0,0.0,0.0,0.0,0.0,0.0
Julie Brittain,DH/Utility,S Ohtani,Shohei Ohtani,1956.0,Y,both,660271.0,,139.0,25.0,4.0,30.0,80.0,89.0,80.0,11.0,7.0,85.2,17.0,8.0,0.0,95.0,12.0,0.0,3.0,3.0,0.0,0.0,0.0,0.0,0.0,1.0,0.0,0.0,0.0,0.0,0.0,0.0,0.0,0.0,0.0,0.0,0.0
Julie Brittain,SP,G Crochet,Garrett Crochet,168.0,Y,pitcher,676979.0,,0.0,0.0,0.0,0.0,0.0,0.0,0.0,0.0,0.0,30.0,21.0,3.0,0.0,37.0,3.0,0.0,0.0,0.0,0.0,0.0,0.0,0.0,0.0,0.0,0.0,0.0,0.0,0.0,0.0,0.0,0.0,0.0,0.0,0.0,0.0
Julie Brittain,SP,T Skubal,Tarik Skubal,952.0,N,pitcher,669373.0,LAD,0.0,0.0,0.0,0.0,0.0,0.0,0.0,0.0,0.0,146.2,44.0,10.0,0.0,173.0,15.0,0.0,89.0,0.0,0.0,0.0,0.0,0.0,0.0,0.0,0.0,0.0,0.0,0.0,14.1,2.0,1.26,2.0,0.0,14.0,0.0
Julie Brittain,SP,J Ryan,Joe Ryan,753.0,N,pitcher,657746.0,MIN,0.0,0.0,0.0,0.0,0.0,0.0,0.0,0.0,0.0,133.2,57.0,6.0,0.0,146.0,11.0,0.0,30.0,0.0,0.0,0.0,0.0,0.0,0.0,0.0,0.0,0.0,0.0,0.0,8.0,6.0,6.75,0.0,0.0,8.0,0.0
Julie Brittain,SP,H Brown,Hunter Brown,575.0,N,pitcher,686613.0,HOU,0.0,0.0,0.0,0.0,0.0,0.0,0.0,0.0,0.0,97.0,37.0,6.0,0.0,110.0,7.0,0.0,71.0,0.0,0.0,0.0,0.0,0.0,0.0,0.0,0.0,0.0,0.0,0.0,10.0,5.0,4.5,1.0,0.0,17.0,0.0
Julie Brittain,SP,S Alcantara,Sandy Alcantara,976.0,N,pitcher,645261.0,MIA,0.0,0.0,0.0,0.0,0.0,0.0,0.0,0.0,0.0,206.0,88.0,13.0,1.0,149.0,21.0,0.0,24.0,0.0,0.0,0.0,0.0,0.0,0.0,0.0,0.0,0.0,0.0,0.0,10.1,11.0,9.58,0.0,1.0,7.0,0.0
Julie Brittain,SP,C Sanchez,Cristopher Sánchez,1222.0,N,pitcher,650911.0,PHI,0.0,0.0,0.0,0.0,0.0,0.0,0.0,0.0,0.0,193.2,63.0,17.0,0.0,215.0,20.0,0.0,33.0,0.0,0.0,0.0,0.0,0.0,0.0,0.0,0.0,0.0,0.0,0.0,12.1,11.0,8.03,1.0,0.0,8.0,0.0
Julie Brittain,SP,P Skenes,Paul Skenes,971.0,N,pitcher,694973.0,PIT,0.0,0.0,0.0,0.0,0.0,0.0,0.0,0.0,0.0,168.0,73.0,10.0,0.0,192.0,12.0,0.0,78.0,0.0,0.0,0.0,0.0,0.0,0.0,0.0,0.0,0.0,0.0,0.0,18.1,7.0,3.44,1.0,0.0,13.0,0.0
Julie Brittain,SP,L Webb,Logan Webb,778.0,Y,pitcher,657277.0,,0.0,0.0,0.0,0.0,0.0,0.0,0.0,0.0,0.0,160.2,77.0,8.0,0.0,134.0,17.0,0.0,57.0,0.0,0.0,0.0,0.0,0.0,0.0,0.0,0.0,0.0,0.0,0.0,11.0,7.0,5.73,0.0,0.0,15.0,0.0
Julie Brittain,RP,G Taylor,Grant Taylor,588.0,N,pitcher,691799.0,CWS,0.0,0.0,0.0,0.0,0.0,0.0,0.0,0.0,0.0,80.2,21.0,7.0,9.0,103.0,0.0,10.0,43.0,0.0,0.0,0.0,0.0,0.0,0.0,0.0,0.0,0.0,0.0,0.0,7.2,4.0,4.7,0.0,1.0,9.0,0.0
Julie Brittain,RP,K Yates,Kirby Yates,242.0,Y,pitcher,489446.0,,0.0,0.0,0.0,0.0,0.0,0.0,0.0,0.0,0.0,39.2,15.0,2.0,3.0,47.0,0.0,1.0,0.0,0.0,0.0,0.0,0.0,0.0,0.0,0.0,0.0,0.0,0.0,0.0,0.0,0.0,0.0,0.0,0.0,0.0,0.0
Julie Brittain,RP,M Svanson,Matt Svanson,162.0,Y,pitcher,694335.0,,0.0,0.0,0.0,0.0,0.0,0.0,0.0,0.0,0.0,43.1,35.0,2.0,0.0,41.0,0.0,2.0,0.0,0.0,0.0,0.0,0.0,0.0,0.0,0.0,0.0,0.0,0.0,0.0,0.0,0.0,0.0,0.0,0.0,0.0,0.0
Julie Brittain,RP,V Vodnik,Victor Vodnik,229.0,N,pitcher,680767.0,MIA,0.0,0.0,0.0,0.0,0.0,0.0,0.0,0.0,0.0,53.2,32.0,3.0,4.0,39.0,0.0,6.0,9.0,0.0,0.0,0.0,0.0,0.0,0.0,0.0,0.0,0.0,0.0,0.0,6.0,6.0,9.0,0.0,0.0,3.0,0.0
Patrick + Emily,C,C Raleigh,Cal Raleigh,868.0,N,hitter,663728.0,SEA,77.0,14.0,0.0,22.0,66.0,47.0,66.0,2.0,3.0,0.0,0.0,0.0,0.0,0.0,0.0,0.0,96.0,46.0,0.217,10.0,3.0,0.0,1.0,6.0,8.0,8.0,0.0,0.0,0.0,0.0,0.0,0.0,0.0,0.0,0.0
Patrick + Emily,C,H Goodman,Hunter Goodman,1179.0,N,hitter,696100.0,COL,119.0,19.0,2.0,38.0,44.0,80.0,81.0,5.0,5.0,0.0,0.0,0.0,0.0,0.0,0.0,0.0,73.0,35.0,0.171,6.0,1.0,1.0,2.0,2.0,5.0,7.0,0.0,1.0,0.0,0.0,0.0,0.0,0.0,0.0,0.0
Patrick + Emily,1B,V Guerrero Jr,Vladimir Guerrero Jr.,1008.0,N,hitter,665489.0,TOR,137.0,24.0,0.0,9.0,55.0,71.0,56.0,7.0,5.0,0.0,0.0,0.0,0.0,0.0,0.0,0.0,81.0,47.0,0.255,12.0,2.0,0.0,1.0,5.0,5.0,2.0,0.0,1.0,0.0,0.0,0.0,0.0,0.0,0.0,0.0
Patrick + Emily,1B,N Kurtz,Nick Kurtz,1003.0,Y,hitter,701762.0,,90.0,15.0,1.0,21.0,79.0,62.0,69.0,7.0,3.0,0.0,0.0,0.0,0.0,0.0,0.0,0.0,0.0,0.0,0.0,0.0,0.0,0.0,0.0,0.0,0.0,0.0,0.0,0.0,0.0,0.0,0.0,0.0,0.0,0.0,0.0
Patrick + Emily,2B,B Turang,Brice Turang,1417.0,N,hitter,668930.0,MIL,147.0,34.0,3.0,19.0,89.0,97.0,93.0,19.0,1.0,0.0,0.0,0.0,0.0,0.0,0.0,0.0,169.0,38.0,0.421,16.0,4.0,0.0,2.0,15.0,12.0,11.0,1.0,0.0,0.0,0.0,0.0,0.0,0.0,0.0,0.0
Patrick + Emily,2B,K Marte,Ketel Marte,1117.0,N,hitter,606466.0,AZ,132.0,29.0,3.0,22.0,47.0,71.0,74.0,4.0,6.0,0.0,0.0,0.0,0.0,0.0,0.0,0.0,96.0,53.0,0.226,12.0,5.0,0.0,1.0,4.0,6.0,7.0,0.0,0.0,0.0,0.0,0.0,0.0,0.0,0.0,0.0
Patrick + Emily,3B,J Caminero,Junior Caminero,1490.0,N,hitter,691406.0,TB,162.0,24.0,1.0,41.0,78.0,94.0,97.0,3.0,4.0,0.0,0.0,0.0,0.0,0.0,0.0,0.0,127.0,44.0,0.25,11.0,3.0,0.0,4.0,8.0,8.0,7.0,0.0,1.0,0.0,0.0,0.0,0.0,0.0,0.0,0.0
Patrick + Emily,3B,J Ramirez,José Ramírez,1019.0,N,hitter,608070.0,CLE,103.0,26.0,0.0,12.0,57.0,65.0,51.0,34.0,3.0,0.0,0.0,0.0,0.0,0.0,0.0,0.0,61.0,43.0,0.163,7.0,2.0,0.0,1.0,1.0,3.0,3.0,3.0,0.0,0.0,0.0,0.0,0.0,0.0,0.0,0.0
Patrick + Emily,SS,B Witt Jr,Bobby Witt Jr.,1309.0,N,hitter,677951.0,KC,145.0,30.0,1.0,18.0,66.0,85.0,54.0,42.0,3.0,0.0,0.0,0.0,0.0,0.0,0.0,0.0,101.0,45.0,0.2,9.0,2.0,0.0,1.0,8.0,6.0,3.0,4.0,1.0,0.0,0.0,0.0,0.0,0.0,0.0,0.0
Patrick + Emily,SS,E De La Cruz,Elly De La Cruz,1416.0,N,hitter,682829.0,CIN,152.0,29.0,5.0,28.0,66.0,96.0,74.0,27.0,2.0,0.0,0.0,0.0,0.0,0.0,0.0,0.0,204.0,48.0,0.396,19.0,5.0,0.0,7.0,7.0,12.0,13.0,3.0,0.0,0.0,0.0,0.0,0.0,0.0,0.0,0.0
Patrick + Emily,OF,A Judge,Aaron Judge,654.0,N,hitter,592450.0,NYY,57.0,10.0,0.0,18.0,43.0,45.0,41.0,5.0,2.0,0.0,0.0,0.0,0.0,0.0,0.0,0.0,32.0,23.0,0.174,4.0,0.0,0.0,1.0,1.0,2.0,3.0,0.0,0.0,0.0,0.0,0.0,0.0,0.0,0.0,0.0
Patrick + Emily,OF,Y Alvarez,Yordan Alvarez,1625.0,N,hitter,670541.0,HOU,167.0,32.0,1.0,40.0,105.0,98.0,99.0,1.0,10.0,0.0,0.0,0.0,0.0,0.0,0.0,0.0,98.0,34.0,0.235,8.0,3.0,0.0,3.0,8.0,5.0,5.0,0.0,0.0,0.0,0.0,0.0,0.0,0.0,0.0,0.0
Patrick + Emily,OF,R Acuna Jr,Ronald Acuña Jr.,954.0,N,hitter,660670.0,ATL,99.0,18.0,1.0,19.0,50.0,59.0,51.0,20.0,5.0,0.0,0.0,0.0,0.0,0.0,0.0,0.0,144.0,53.0,0.302,16.0,4.0,0.0,5.0,3.0,9.0,11.0,0.0,0.0,0.0,0.0,0.0,0.0,0.0,0.0,0.0
Patrick + Emily,OF,J Soto,Juan Soto,1029.0,N,hitter,665742.0,NYM,101.0,11.0,2.0,26.0,73.0,59.0,64.0,9.0,0.0,0.0,0.0,0.0,0.0,0.0,0.0,0.0,134.0,54.0,0.259,14.0,3.0,0.0,3.0,8.0,9.0,8.0,1.0,0.0,0.0,0.0,0.0,0.0,0.0,0.0,0.0
Patrick + Emily,OF,P Crow-Armstrong,Pete Crow-Armstrong,1794.0,N,hitter,691718.0,CHC,167.0,29.0,8.0,44.0,78.0,115.0,105.0,37.0,12.0,0.0,0.0,0.0,0.0,0.0,0.0,0.0,160.0,50.0,0.28,14.0,1.0,1.0,5.0,4.0,10.0,12.0,4.0,1.0,0.0,0.0,0.0,0.0,0.0,0.0,0.0
Patrick + Emily,OF,F Tatis Jr,Fernando Tatis Jr.,1465.0,N,hitter,665487.0,SD,171.0,30.0,3.0,23.0,62.0,92.0,79.0,35.0,6.0,0.0,0.0,0.0,0.0,0.0,0.0,0.0,172.0,52.0,0.327,17.0,1.0,1.0,4.0,8.0,12.0,9.0,4.0,1.0,0.0,0.0,0.0,0.0,0.0,0.0,0.0
Patrick + Emily,DH/Utility,G Henderson,Gunnar Henderson,1221.0,N,hitter,683002.0,BAL,135.0,26.0,5.0,23.0,65.0,87.0,58.0,10.0,9.0,0.0,0.0,0.0,0.0,0.0,0.0,0.0,77.0,40.0,0.275,11.0,2.0,0.0,1.0,7.0,4.0,1.0,0.0,0.0,0.0,0.0,0.0,0.0,0.0,0.0,0.0
Patrick + Emily,DH/Utility,S Ohtani,Shohei Ohtani,1956.0,Y,both,660271.0,,139.0,25.0,4.0,30.0,80.0,89.0,80.0,11.0,7.0,85.2,17.0,8.0,0.0,95.0,12.0,0.0,3.0,3.0,0.0,0.0,0.0,0.0,0.0,1.0,0.0,0.0,0.0,0.0,0.0,0.0,0.0,0.0,0.0,0.0,0.0
Patrick + Emily,SP,G Crochet,Garrett Crochet,168.0,Y,pitcher,676979.0,,0.0,0.0,0.0,0.0,0.0,0.0,0.0,0.0,0.0,30.0,21.0,3.0,0.0,37.0,3.0,0.0,0.0,0.0,0.0,0.0,0.0,0.0,0.0,0.0,0.0,0.0,0.0,0.0,0.0,0.0,0.0,0.0,0.0,0.0,0.0
Patrick + Emily,SP,T Skubal,Tarik Skubal,952.0,N,pitcher,669373.0,LAD,0.0,0.0,0.0,0.0,0.0,0.0,0.0,0.0,0.0,146.2,44.0,10.0,0.0,173.0,15.0,0.0,89.0,0.0,0.0,0.0,0.0,0.0,0.0,0.0,0.0,0.0,0.0,0.0,14.1,2.0,1.26,2.0,0.0,14.0,0.0
Patrick + Emily,SP,J Ryan,Joe Ryan,753.0,N,pitcher,657746.0,MIN,0.0,0.0,0.0,0.0,0.0,0.0,0.0,0.0,0.0,133.2,57.0,6.0,0.0,146.0,11.0,0.0,30.0,0.0,0.0,0.0,0.0,0.0,0.0,0.0,0.0,0.0,0.0,0.0,8.0,6.0,6.75,0.0,0.0,8.0,0.0
Patrick + Emily,SP,J DeGrom,Jacob deGrom,965.0,N,pitcher,594798.0,TEX,0.0,0.0,0.0,0.0,0.0,0.0,0.0,0.0,0.0,154.1,65.0,11.0,0.0,194.0,12.0,0.0,125.0,0.0,0.0,0.0,0.0,0.0,0.0,0.0,0.0,0.0,0.0,0.0,17.0,4.0,2.12,1.0,0.0,27.0,0.0
Patrick + Emily,SP,E Perez,Eury Pérez,796.0,N,pitcher,691587.0,MIA,0.0,0.0,0.0,0.0,0.0,0.0,0.0,0.0,0.0,144.1,64.0,7.0,0.0,155.0,11.0,0.0,33.0,0.0,0.0,0.0,0.0,0.0,0.0,0.0,0.0,0.0,0.0,0.0,9.0,8.0,8.0,0.0,0.0,10.0,0.0
Patrick + Emily,SP,C Sanchez,Cristopher Sánchez,1222.0,N,pitcher,650911.0,PHI,0.0,0.0,0.0,0.0,0.0,0.0,0.0,0.0,0.0,193.2,63.0,17.0,0.0,215.0,20.0,0.0,33.0,0.0,0.0,0.0,0.0,0.0,0.0,0.0,0.0,0.0,0.0,0.0,12.1,11.0,8.03,1.0,0.0,8.0,0.0
Patrick + Emily,SP,P Skenes,Paul Skenes,971.0,N,pitcher,694973.0,PIT,0.0,0.0,0.0,0.0,0.0,0.0,0.0,0.0,0.0,168.0,73.0,10.0,0.0,192.0,12.0,0.0,78.0,0.0,0.0,0.0,0.0,0.0,0.0,0.0,0.0,0.0,0.0,0.0,18.1,7.0,3.44,1.0,0.0,13.0,0.0
Patrick + Emily,SP,L Webb,Logan Webb,778.0,Y,pitcher,657277.0,,0.0,0.0,0.0,0.0,0.0,0.0,0.0,0.0,0.0,160.2,77.0,8.0,0.0,134.0,17.0,0.0,57.0,0.0,0.0,0.0,0.0,0.0,0.0,0.0,0.0,0.0,0.0,0.0,11.0,7.0,5.73,0.0,0.0,15.0,0.0
Patrick + Emily,RP,G Taylor,Grant Taylor,588.0,N,pitcher,691799.0,CWS,0.0,0.0,0.0,0.0,0.0,0.0,0.0,0.0,0.0,80.2,21.0,7.0,9.0,103.0,0.0,10.0,43.0,0.0,0.0,0.0,0.0,0.0,0.0,0.0,0.0,0.0,0.0,0.0,7.2,4.0,4.7,0.0,1.0,9.0,0.0
Patrick + Emily,RP,R Detmers,Reid Detmers,1029.0,N,pitcher,672282.0,LAA,0.0,0.0,0.0,0.0,0.0,0.0,0.0,0.0,0.0,174.0,65.0,6.0,0.0,199.0,15.0,0.0,88.0,0.0,0.0,0.0,0.0,0.0,0.0,0.0,0.0,0.0,0.0,0.0,12.0,3.0,2.25,2.0,0.0,17.0,0.0
Patrick + Emily,RP,C Beeter,Clayton Beeter,321.0,Y,pitcher,690925.0,,0.0,0.0,0.0,0.0,0.0,0.0,0.0,0.0,0.0,48.0,24.0,6.0,12.0,47.0,0.0,9.0,9.0,0.0,0.0,0.0,0.0,0.0,0.0,0.0,0.0,0.0,0.0,0.0,2.2,4.0,13.5,1.0,0.0,2.0,1.0
Patrick + Emily,RP,K Leahy,Kyle Leahy,713.0,N,pitcher,681517.0,STL,0.0,0.0,0.0,0.0,0.0,0.0,0.0,0.0,0.0,138.0,56.0,10.0,0.0,129.0,6.0,0.0,26.0,0.0,0.0,0.0,0.0,0.0,0.0,0.0,0.0,0.0,0.0,0.0,8.2,11.0,11.42,0.0,0.0,11.0,0.0
Casey Spilka,C,A Ramirez,Agustín Ramírez,399.0,N,hitter,682663.0,MIA,46.0,9.0,1.0,5.0,24.0,28.0,22.0,4.0,2.0,0.0,0.0,0.0,0.0,0.0,0.0,0.0,50.0,21.0,0.286,6.0,1.0,0.0,2.0,1.0,2.0,4.0,0.0,0.0,0.0,0.0,0.0,0.0,0.0,0.0,0.0
Casey Spilka,C,H Goodman,Hunter Goodman,1179.0,N,hitter,696100.0,COL,119.0,19.0,2.0,38.0,44.0,80.0,81.0,5.0,5.0,0.0,0.0,0.0,0.0,0.0,0.0,0.0,73.0,35.0,0.171,6.0,1.0,1.0,2.0,2.0,5.0,7.0,0.0,1.0,0.0,0.0,0.0,0.0,0.0,0.0,0.0
Casey Spilka,1B,V Guerrero Jr,Vladimir Guerrero Jr.,1008.0,N,hitter,665489.0,TOR,137.0,24.0,0.0,9.0,55.0,71.0,56.0,7.0,5.0,0.0,0.0,0.0,0.0,0.0,0.0,0.0,81.0,47.0,0.255,12.0,2.0,0.0,1.0,5.0,5.0,2.0,0.0,1.0,0.0,0.0,0.0,0.0,0.0,0.0,0.0
Casey Spilka,1B,N Kurtz,Nick Kurtz,1003.0,Y,hitter,701762.0,,90.0,15.0,1.0,21.0,79.0,62.0,69.0,7.0,3.0,0.0,0.0,0.0,0.0,0.0,0.0,0.0,0.0,0.0,0.0,0.0,0.0,0.0,0.0,0.0,0.0,0.0,0.0,0.0,0.0,0.0,0.0,0.0,0.0,0.0,0.0
Casey Spilka,2B,J Altuve,Jose Altuve,913.0,N,hitter,514888.0,HOU,119.0,24.0,2.0,15.0,40.0,66.0,44.0,5.0,3.0,0.0,0.0,0.0,0.0,0.0,0.0,0.0,67.0,49.0,0.245,12.0,6.0,0.0,0.0,1.0,3.0,0.0,1.0,0.0,0.0,0.0,0.0,0.0,0.0,0.0,0.0
Casey Spilka,2B,B Turang,Brice Turang,1417.0,N,hitter,668930.0,MIL,147.0,34.0,3.0,19.0,89.0,97.0,93.0,19.0,1.0,0.0,0.0,0.0,0.0,0.0,0.0,0.0,169.0,38.0,0.421,16.0,4.0,0.0,2.0,15.0,12.0,11.0,1.0,0.0,0.0,0.0,0.0,0.0,0.0,0.0,0.0
Casey Spilka,3B,J Ramirez,José Ramírez,1019.0,N,hitter,608070.0,CLE,103.0,26.0,0.0,12.0,57.0,65.0,51.0,34.0,3.0,0.0,0.0,0.0,0.0,0.0,0.0,0.0,61.0,43.0,0.163,7.0,2.0,0.0,1.0,1.0,3.0,3.0,3.0,0.0,0.0,0.0,0.0,0.0,0.0,0.0,0.0
Casey Spilka,3B,M Machado,Manny Machado,1202.0,N,hitter,592518.0,SD,122.0,22.0,0.0,28.0,75.0,79.0,84.0,5.0,1.0,0.0,0.0,0.0,0.0,0.0,0.0,0.0,130.0,48.0,0.208,10.0,1.0,0.0,4.0,9.0,10.0,9.0,1.0,0.0,0.0,0.0,0.0,0.0,0.0,0.0,0.0
Casey Spilka,SS,B Witt Jr,Bobby Witt Jr.,1309.0,N,hitter,677951.0,KC,145.0,30.0,1.0,18.0,66.0,85.0,54.0,42.0,3.0,0.0,0.0,0.0,0.0,0.0,0.0,0.0,101.0,45.0,0.2,9.0,2.0,0.0,1.0,8.0,6.0,3.0,4.0,1.0,0.0,0.0,0.0,0.0,0.0,0.0,0.0
Casey Spilka,SS,E De La Cruz,Elly De La Cruz,1416.0,N,hitter,682829.0,CIN,152.0,29.0,5.0,28.0,66.0,96.0,74.0,27.0,2.0,0.0,0.0,0.0,0.0,0.0,0.0,0.0,204.0,48.0,0.396,19.0,5.0,0.0,7.0,7.0,12.0,13.0,3.0,0.0,0.0,0.0,0.0,0.0,0.0,0.0,0.0
Casey Spilka,OF,A Judge,Aaron Judge,654.0,N,hitter,592450.0,NYY,57.0,10.0,0.0,18.0,43.0,45.0,41.0,5.0,2.0,0.0,0.0,0.0,0.0,0.0,0.0,0.0,32.0,23.0,0.174,4.0,0.0,0.0,1.0,1.0,2.0,3.0,0.0,0.0,0.0,0.0,0.0,0.0,0.0,0.0,0.0
Casey Spilka,OF,R Acuna Jr,Ronald Acuña Jr.,954.0,N,hitter,660670.0,ATL,99.0,18.0,1.0,19.0,50.0,59.0,51.0,20.0,5.0,0.0,0.0,0.0,0.0,0.0,0.0,0.0,144.0,53.0,0.302,16.0,4.0,0.0,5.0,3.0,9.0,11.0,0.0,0.0,0.0,0.0,0.0,0.0,0.0,0.0,0.0
Casey Spilka,OF,J Soto,Juan Soto,1029.0,N,hitter,665742.0,NYM,101.0,11.0,2.0,26.0,73.0,59.0,64.0,9.0,0.0,0.0,0.0,0.0,0.0,0.0,0.0,0.0,134.0,54.0,0.259,14.0,3.0,0.0,3.0,8.0,9.0,8.0,1.0,0.0,0.0,0.0,0.0,0.0,0.0,0.0,0.0
Casey Spilka,OF,J Wood,James Wood,1438.0,N,hitter,695578.0,WSH,128.0,30.0,1.0,30.0,99.0,102.0,76.0,21.0,4.0,0.0,0.0,0.0,0.0,0.0,0.0,0.0,84.0,36.0,0.25,9.0,2.0,0.0,0.0,9.0,2.0,2.0,4.0,0.0,0.0,0.0,0.0,0.0,0.0,0.0,0.0
Casey Spilka,OF,P Crow-Armstrong,Pete Crow-Armstrong,1794.0,N,hitter,691718.0,CHC,167.0,29.0,8.0,44.0,78.0,115.0,105.0,37.0,12.0,0.0,0.0,0.0,0.0,0.0,0.0,0.0,160.0,50.0,0.28,14.0,1.0,1.0,5.0,4.0,10.0,12.0,4.0,1.0,0.0,0.0,0.0,0.0,0.0,0.0,0.0
Casey Spilka,OF,C Carroll,Corbin Carroll,1360.0,N,hitter,682998.0,AZ,133.0,31.0,16.0,22.0,70.0,89.0,69.0,21.0,8.0,0.0,0.0,0.0,0.0,0.0,0.0,0.0,91.0,39.0,0.256,10.0,3.0,0.0,3.0,1.0,6.0,8.0,0.0,0.0,0.0,0.0,0.0,0.0,0.0,0.0,0.0
Casey Spilka,DH/Utility,G Henderson,Gunnar Henderson,1221.0,N,hitter,683002.0,BAL,135.0,26.0,5.0,23.0,65.0,87.0,58.0,10.0,9.0,0.0,0.0,0.0,0.0,0.0,0.0,0.0,77.0,40.0,0.275,11.0,2.0,0.0,1.0,7.0,4.0,1.0,0.0,0.0,0.0,0.0,0.0,0.0,0.0,0.0,0.0
Casey Spilka,DH/Utility,S Ohtani,Shohei Ohtani,1956.0,Y,both,660271.0,,139.0,25.0,4.0,30.0,80.0,89.0,80.0,11.0,7.0,85.2,17.0,8.0,0.0,95.0,12.0,0.0,3.0,3.0,0.0,0.0,0.0,0.0,0.0,1.0,0.0,0.0,0.0,0.0,0.0,0.0,0.0,0.0,0.0,0.0,0.0
Casey Spilka,SP,G Crochet,Garrett Crochet,168.0,Y,pitcher,676979.0,,0.0,0.0,0.0,0.0,0.0,0.0,0.0,0.0,0.0,30.0,21.0,3.0,0.0,37.0,3.0,0.0,0.0,0.0,0.0,0.0,0.0,0.0,0.0,0.0,0.0,0.0,0.0,0.0,0.0,0.0,0.0,0.0,0.0,0.0,0.0
Casey Spilka,SP,T Skubal,Tarik Skubal,952.0,N,pitcher,669373.0,LAD,0.0,0.0,0.0,0.0,0.0,0.0,0.0,0.0,0.0,146.2,44.0,10.0,0.0,173.0,15.0,0.0,89.0,0.0,0.0,0.0,0.0,0.0,0.0,0.0,0.0,0.0,0.0,0.0,14.1,2.0,1.26,2.0,0.0,14.0,0.0
Casey Spilka,SP,J Ryan,Joe Ryan,753.0,N,pitcher,657746.0,MIN,0.0,0.0,0.0,0.0,0.0,0.0,0.0,0.0,0.0,133.2,57.0,6.0,0.0,146.0,11.0,0.0,30.0,0.0,0.0,0.0,0.0,0.0,0.0,0.0,0.0,0.0,0.0,0.0,8.0,6.0,6.75,0.0,0.0,8.0,0.0
Casey Spilka,SP,L Gilbert,Logan Gilbert,1027.0,N,pitcher,669302.0,SEA,0.0,0.0,0.0,0.0,0.0,0.0,0.0,0.0,0.0,178.0,73.0,12.0,0.0,194.0,14.0,0.0,83.0,0.0,0.0,0.0,0.0,0.0,0.0,0.0,0.0,0.0,0.0,0.0,13.0,5.0,3.46,1.0,0.0,18.0,0.0
Casey Spilka,SP,M Gore,MacKenzie Gore,840.0,N,pitcher,669022.0,TEX,0.0,0.0,0.0,0.0,0.0,0.0,0.0,0.0,0.0,165.2,86.0,8.0,0.0,172.0,9.0,0.0,6.0,0.0,0.0,0.0,0.0,0.0,0.0,0.0,0.0,0.0,0.0,0.0,11.0,12.0,9.82,0.0,0.0,3.0,0.0
Casey Spilka,SP,C Sanchez,Cristopher Sánchez,1222.0,N,pitcher,650911.0,PHI,0.0,0.0,0.0,0.0,0.0,0.0,0.0,0.0,0.0,193.2,63.0,17.0,0.0,215.0,20.0,0.0,33.0,0.0,0.0,0.0,0.0,0.0,0.0,0.0,0.0,0.0,0.0,0.0,12.1,11.0,8.03,1.0,0.0,8.0,0.0
Casey Spilka,SP,P Skenes,Paul Skenes,971.0,N,pitcher,694973.0,PIT,0.0,0.0,0.0,0.0,0.0,0.0,0.0,0.0,0.0,168.0,73.0,10.0,0.0,192.0,12.0,0.0,78.0,0.0,0.0,0.0,0.0,0.0,0.0,0.0,0.0,0.0,0.0,0.0,18.1,7.0,3.44,1.0,0.0,13.0,0.0
Casey Spilka,SP,L Webb,Logan Webb,778.0,Y,pitcher,657277.0,,0.0,0.0,0.0,0.0,0.0,0.0,0.0,0.0,0.0,160.2,77.0,8.0,0.0,134.0,17.0,0.0,57.0,0.0,0.0,0.0,0.0,0.0,0.0,0.0,0.0,0.0,0.0,0.0,11.0,7.0,5.73,0.0,0.0,15.0,0.0
Casey Spilka,RP,I Seymour,Ian Seymour,766.0,N,pitcher,693855.0,TB,0.0,0.0,0.0,0.0,0.0,0.0,0.0,0.0,0.0,127.1,62.0,9.0,2.0,155.0,6.0,10.0,66.0,0.0,0.0,0.0,0.0,0.0,0.0,0.0,0.0,0.0,0.0,0.0,14.0,9.0,5.79,0.0,0.0,17.0,0.0
Casey Spilka,RP,E Fedde,Erick Fedde,571.0,N,pitcher,607200.0,CWS,0.0,0.0,0.0,0.0,0.0,0.0,0.0,0.0,0.0,138.1,60.0,8.0,0.0,97.0,1.0,0.0,42.0,0.0,0.0,0.0,0.0,0.0,0.0,0.0,0.0,0.0,0.0,0.0,10.0,3.0,2.7,0.0,0.0,7.0,0.0
Casey Spilka,RP,R Detmers,Reid Detmers,1029.0,N,pitcher,672282.0,LAA,0.0,0.0,0.0,0.0,0.0,0.0,0.0,0.0,0.0,174.0,65.0,6.0,0.0,199.0,15.0,0.0,88.0,0.0,0.0,0.0,0.0,0.0,0.0,0.0,0.0,0.0,0.0,0.0,12.0,3.0,2.25,2.0,0.0,17.0,0.0
Casey Spilka,RP,K Leahy,Kyle Leahy,713.0,N,pitcher,681517.0,STL,0.0,0.0,0.0,0.0,0.0,0.0,0.0,0.0,0.0,138.0,56.0,10.0,0.0,129.0,6.0,0.0,26.0,0.0,0.0,0.0,0.0,0.0,0.0,0.0,0.0,0.0,0.0,0.0,8.2,11.0,11.42,0.0,0.0,11.0,0.0
Maxwell Edwards,C,S Langeliers,Shea Langeliers,876.0,N,hitter,669127.0,ATH,103.0,19.0,0.0,23.0,34.0,55.0,55.0,3.0,5.0,0.0,0.0,0.0,0.0,0.0,0.0,0.0,24.0,16.0,0.25,4.0,0.0,0.0,0.0,0.0,0.0,4.0,1.0,0.0,0.0,0.0,0.0,0.0,0.0,0.0,0.0
Maxwell Edwards,C,H Goodman,Hunter Goodman,1179.0,N,hitter,696100.0,COL,119.0,19.0,2.0,38.0,44.0,80.0,81.0,5.0,5.0,0.0,0.0,0.0,0.0,0.0,0.0,0.0,73.0,35.0,0.171,6.0,1.0,1.0,2.0,2.0,5.0,7.0,0.0,1.0,0.0,0.0,0.0,0.0,0.0,0.0,0.0
Maxwell Edwards,1B,V Guerrero Jr,Vladimir Guerrero Jr.,1008.0,N,hitter,665489.0,TOR,137.0,24.0,0.0,9.0,55.0,71.0,56.0,7.0,5.0,0.0,0.0,0.0,0.0,0.0,0.0,0.0,81.0,47.0,0.255,12.0,2.0,0.0,1.0,5.0,5.0,2.0,0.0,1.0,0.0,0.0,0.0,0.0,0.0,0.0,0.0
Maxwell Edwards,1B,M Murakami,Munetaka Murakami,1099.0,N,hitter,808959.0,CWS,86.0,14.0,1.0,32.0,88.0,77.0,68.0,1.0,4.0,0.0,0.0,0.0,0.0,0.0,0.0,0.0,99.0,44.0,0.136,6.0,0.0,1.0,3.0,7.0,5.0,9.0,0.0,2.0,0.0,0.0,0.0,0.0,0.0,0.0,0.0
Maxwell Edwards,2B,N Hoerner,Nico Hoerner,1114.0,N,hitter,663538.0,CHC,158.0,28.0,1.0,8.0,41.0,61.0,69.0,22.0,8.0,0.0,0.0,0.0,0.0,0.0,0.0,0.0,67.0,49.0,0.265,13.0,1.0,0.0,0.0,0.0,5.0,6.0,0.0,1.0,0.0,0.0,0.0,0.0,0.0,0.0,0.0
Maxwell Edwards,2B,K Marte,Ketel Marte,1117.0,N,hitter,606466.0,AZ,132.0,29.0,3.0,22.0,47.0,71.0,74.0,4.0,6.0,0.0,0.0,0.0,0.0,0.0,0.0,0.0,96.0,53.0,0.226,12.0,5.0,0.0,1.0,4.0,6.0,7.0,0.0,0.0,0.0,0.0,0.0,0.0,0.0,0.0,0.0
Maxwell Edwards,3B,J Caminero,Junior Caminero,1490.0,N,hitter,691406.0,TB,162.0,24.0,1.0,41.0,78.0,94.0,97.0,3.0,4.0,0.0,0.0,0.0,0.0,0.0,0.0,0.0,127.0,44.0,0.25,11.0,3.0,0.0,4.0,8.0,8.0,7.0,0.0,1.0,0.0,0.0,0.0,0.0,0.0,0.0,0.0
Maxwell Edwards,3B,J Ramirez,José Ramírez,1019.0,N,hitter,608070.0,CLE,103.0,26.0,0.0,12.0,57.0,65.0,51.0,34.0,3.0,0.0,0.0,0.0,0.0,0.0,0.0,0.0,61.0,43.0,0.163,7.0,2.0,0.0,1.0,1.0,3.0,3.0,3.0,0.0,0.0,0.0,0.0,0.0,0.0,0.0,0.0
Maxwell Edwards,SS,G Henderson,Gunnar Henderson,1221.0,N,hitter,683002.0,BAL,135.0,26.0,5.0,23.0,65.0,87.0,58.0,10.0,9.0,0.0,0.0,0.0,0.0,0.0,0.0,0.0,77.0,40.0,0.275,11.0,2.0,0.0,1.0,7.0,4.0,1.0,0.0,0.0,0.0,0.0,0.0,0.0,0.0,0.0,0.0
Maxwell Edwards,SS,C Abrams,CJ Abrams,1437.0,N,hitter,682928.0,WSH,145.0,30.0,3.0,30.0,53.0,89.0,97.0,30.0,12.0,0.0,0.0,0.0,0.0,0.0,0.0,0.0,90.0,40.0,0.25,10.0,4.0,0.0,1.0,3.0,7.0,3.0,3.0,0.0,0.0,0.0,0.0,0.0,0.0,0.0,0.0
Maxwell Edwards,OF,A Judge,Aaron Judge,654.0,N,hitter,592450.0,NYY,57.0,10.0,0.0,18.0,43.0,45.0,41.0,5.0,2.0,0.0,0.0,0.0,0.0,0.0,0.0,0.0,32.0,23.0,0.174,4.0,0.0,0.0,1.0,1.0,2.0,3.0,0.0,0.0,0.0,0.0,0.0,0.0,0.0,0.0,0.0
Maxwell Edwards,OF,J Adell,Jo Adell,1116.0,N,hitter,666176.0,CLE,137.0,25.0,1.0,22.0,29.0,65.0,92.0,4.0,18.0,0.0,0.0,0.0,0.0,0.0,0.0,0.0,95.0,46.0,0.239,11.0,2.0,0.0,2.0,2.0,7.0,8.0,0.0,2.0,0.0,0.0,0.0,0.0,0.0,0.0,0.0
Maxwell Edwards,OF,J Rodriguez,Julio Rodriguez,1139.0,N,hitter,677594.0,SEA,137.0,24.0,0.0,21.0,46.0,68.0,66.0,22.0,5.0,0.0,0.0,0.0,0.0,0.0,0.0,0.0,87.0,48.0,0.229,11.0,3.0,0.0,1.0,4.0,4.0,5.0,2.0,0.0,0.0,0.0,0.0,0.0,0.0,0.0,0.0
Maxwell Edwards,OF,W Langford,Wyatt Langford,889.0,N,hitter,694671.0,TEX,93.0,19.0,2.0,17.0,50.0,62.0,41.0,14.0,4.0,0.0,0.0,0.0,0.0,0.0,0.0,0.0,116.0,39.0,0.179,7.0,1.0,0.0,2.0,12.0,8.0,5.0,4.0,0.0,0.0,0.0,0.0,0.0,0.0,0.0,0.0
Maxwell Edwards,OF,K Stowers,Kyle Stowers,943.0,N,hitter,669065.0,MIA,102.0,26.0,4.0,19.0,49.0,53.0,61.0,1.0,9.0,0.0,0.0,0.0,0.0,0.0,0.0,0.0,72.0,47.0,0.149,7.0,2.0,0.0,1.0,7.0,5.0,2.0,0.0,1.0,0.0,0.0,0.0,0.0,0.0,0.0,0.0
Maxwell Edwards,OF,J Soto,Juan Soto,1029.0,N,hitter,665742.0,NYM,101.0,11.0,2.0,26.0,73.0,59.0,64.0,9.0,0.0,0.0,0.0,0.0,0.0,0.0,0.0,0.0,134.0,54.0,0.259,14.0,3.0,0.0,3.0,8.0,9.0,8.0,1.0,0.0,0.0,0.0,0.0,0.0,0.0,0.0,0.0
Maxwell Edwards,DH/Utility,Y Alvarez,Yordan Alvarez,1625.0,N,hitter,670541.0,HOU,167.0,32.0,1.0,40.0,105.0,98.0,99.0,1.0,10.0,0.0,0.0,0.0,0.0,0.0,0.0,0.0,98.0,34.0,0.235,8.0,3.0,0.0,3.0,8.0,5.0,5.0,0.0,0.0,0.0,0.0,0.0,0.0,0.0,0.0,0.0
Maxwell Edwards,DH/Utility,S Ohtani,Shohei Ohtani,1956.0,Y,both,660271.0,,139.0,25.0,4.0,30.0,80.0,89.0,80.0,11.0,7.0,85.2,17.0,8.0,0.0,95.0,12.0,0.0,3.0,3.0,0.0,0.0,0.0,0.0,0.0,1.0,0.0,0.0,0.0,0.0,0.0,0.0,0.0,0.0,0.0,0.0,0.0
Maxwell Edwards,SP,G Crochet,Garrett Crochet,168.0,Y,pitcher,676979.0,,0.0,0.0,0.0,0.0,0.0,0.0,0.0,0.0,0.0,30.0,21.0,3.0,0.0,37.0,3.0,0.0,0.0,0.0,0.0,0.0,0.0,0.0,0.0,0.0,0.0,0.0,0.0,0.0,0.0,0.0,0.0,0.0,0.0,0.0,0.0
Maxwell Edwards,SP,T Skubal,Tarik Skubal,952.0,N,pitcher,669373.0,LAD,0.0,0.0,0.0,0.0,0.0,0.0,0.0,0.0,0.0,146.2,44.0,10.0,0.0,173.0,15.0,0.0,89.0,0.0,0.0,0.0,0.0,0.0,0.0,0.0,0.0,0.0,0.0,0.0,14.1,2.0,1.26,2.0,0.0,14.0,0.0
Maxwell Edwards,SP,C Ragans,Cole Ragans,204.0,Y,pitcher,666142.0,,0.0,0.0,0.0,0.0,0.0,0.0,0.0,0.0,0.0,35.1,19.0,1.0,0.0,45.0,3.0,0.0,0.0,0.0,0.0,0.0,0.0,0.0,0.0,0.0,0.0,0.0,0.0,0.0,0.0,0.0,0.0,0.0,0.0,0.0,0.0
Maxwell Edwards,SP,J Ryan,Joe Ryan,753.0,N,pitcher,657746.0,MIN,0.0,0.0,0.0,0.0,0.0,0.0,0.0,0.0,0.0,133.2,57.0,6.0,0.0,146.0,11.0,0.0,30.0,0.0,0.0,0.0,0.0,0.0,0.0,0.0,0.0,0.0,0.0,0.0,8.0,6.0,6.75,0.0,0.0,8.0,0.0
Maxwell Edwards,SP,C Sanchez,Cristopher Sánchez,1222.0,N,pitcher,650911.0,PHI,0.0,0.0,0.0,0.0,0.0,0.0,0.0,0.0,0.0,193.2,63.0,17.0,0.0,215.0,20.0,0.0,33.0,0.0,0.0,0.0,0.0,0.0,0.0,0.0,0.0,0.0,0.0,0.0,12.1,11.0,8.03,1.0,0.0,8.0,0.0
Maxwell Edwards,SP,J Misiorowski,Jacob Misiorowski,1288.0,N,pitcher,694819.0,MIL,0.0,0.0,0.0,0.0,0.0,0.0,0.0,0.0,0.0,166.1,35.0,15.0,0.0,243.0,18.0,0.0,84.0,0.0,0.0,0.0,0.0,0.0,0.0,0.0,0.0,0.0,0.0,0.0,11.1,1.0,0.79,1.0,0.0,16.0,0.0
Maxwell Edwards,SP,P Skenes,Paul Skenes,971.0,N,pitcher,694973.0,PIT,0.0,0.0,0.0,0.0,0.0,0.0,0.0,0.0,0.0,168.0,73.0,10.0,0.0,192.0,12.0,0.0,78.0,0.0,0.0,0.0,0.0,0.0,0.0,0.0,0.0,0.0,0.0,0.0,18.1,7.0,3.44,1.0,0.0,13.0,0.0
Maxwell Edwards,SP,L Webb,Logan Webb,778.0,Y,pitcher,657277.0,,0.0,0.0,0.0,0.0,0.0,0.0,0.0,0.0,0.0,160.2,77.0,8.0,0.0,134.0,17.0,0.0,57.0,0.0,0.0,0.0,0.0,0.0,0.0,0.0,0.0,0.0,0.0,0.0,11.0,7.0,5.73,0.0,0.0,15.0,0.0
Maxwell Edwards,RP,R Iglesias,Raisel Iglesias,470.0,N,pitcher,628452.0,ATL,0.0,0.0,0.0,0.0,0.0,0.0,0.0,0.0,0.0,57.0,17.0,1.0,33.0,60.0,0.0,0.0,45.0,0.0,0.0,0.0,0.0,0.0,0.0,0.0,0.0,0.0,0.0,0.0,5.0,1.0,1.8,0.0,3.0,6.0,0.0
Maxwell Edwards,RP,E Pagan,Emilio Pagán,348.0,N,pitcher,641941.0,CIN,0.0,0.0,0.0,0.0,0.0,0.0,0.0,0.0,0.0,40.2,16.0,5.0,24.0,43.0,0.0,0.0,57.0,0.0,0.0,0.0,0.0,0.0,0.0,0.0,0.0,0.0,0.0,0.0,5.1,0.0,0.0,0.0,4.0,7.0,0.0
Maxwell Edwards,RP,Jo Romero,JoJo Romero,291.0,N,pitcher,668941.0,MIL,0.0,0.0,0.0,0.0,0.0,0.0,0.0,0.0,0.0,51.2,21.0,2.0,0.0,49.0,0.0,21.0,21.0,0.0,0.0,0.0,0.0,0.0,0.0,0.0,0.0,0.0,0.0,0.0,7.0,5.0,6.43,0.0,0.0,5.0,0.0
Maxwell Edwards,RP,M Miller,Mason Miller,736.0,N,pitcher,695243.0,SD,0.0,0.0,0.0,0.0,0.0,0.0,0.0,0.0,0.0,64.1,8.0,5.0,37.0,119.0,0.0,0.0,73.0,0.0,0.0,0.0,0.0,0.0,0.0,0.0,0.0,0.0,0.0,0.0,5.0,0.0,0.0,0.0,5.0,11.0,0.0
Nate Moggio,C,C Raleigh,Cal Raleigh,868.0,N,hitter,663728.0,SEA,77.0,14.0,0.0,22.0,66.0,47.0,66.0,2.0,3.0,0.0,0.0,0.0,0.0,0.0,0.0,0.0,96.0,46.0,0.217,10.0,3.0,0.0,1.0,6.0,8.0,8.0,0.0,0.0,0.0,0.0,0.0,0.0,0.0,0.0,0.0
Nate Moggio,C,H Goodman,Hunter Goodman,1179.0,N,hitter,696100.0,COL,119.0,19.0,2.0,38.0,44.0,80.0,81.0,5.0,5.0,0.0,0.0,0.0,0.0,0.0,0.0,0.0,73.0,35.0,0.171,6.0,1.0,1.0,2.0,2.0,5.0,7.0,0.0,1.0,0.0,0.0,0.0,0.0,0.0,0.0,0.0
Nate Moggio,1B,V Guerrero Jr,Vladimir Guerrero Jr.,1008.0,N,hitter,665489.0,TOR,137.0,24.0,0.0,9.0,55.0,71.0,56.0,7.0,5.0,0.0,0.0,0.0,0.0,0.0,0.0,0.0,81.0,47.0,0.255,12.0,2.0,0.0,1.0,5.0,5.0,2.0,0.0,1.0,0.0,0.0,0.0,0.0,0.0,0.0,0.0
Nate Moggio,1B,N Kurtz,Nick Kurtz,1003.0,Y,hitter,701762.0,,90.0,15.0,1.0,21.0,79.0,62.0,69.0,7.0,3.0,0.0,0.0,0.0,0.0,0.0,0.0,0.0,0.0,0.0,0.0,0.0,0.0,0.0,0.0,0.0,0.0,0.0,0.0,0.0,0.0,0.0,0.0,0.0,0.0,0.0,0.0
Nate Moggio,2B,L Keaschall,Luke Keaschall,1109.0,N,hitter,807712.0,MIN,140.0,25.0,1.0,9.0,56.0,75.0,45.0,18.0,22.0,0.0,0.0,0.0,0.0,0.0,0.0,0.0,101.0,47.0,0.319,15.0,1.0,0.0,0.0,6.0,8.0,1.0,2.0,3.0,0.0,0.0,0.0,0.0,0.0,0.0,0.0
Nate Moggio,2B,K Marte,Ketel Marte,1117.0,N,hitter,606466.0,AZ,132.0,29.0,3.0,22.0,47.0,71.0,74.0,4.0,6.0,0.0,0.0,0.0,0.0,0.0,0.0,0.0,96.0,53.0,0.226,12.0,5.0,0.0,1.0,4.0,6.0,7.0,0.0,0.0,0.0,0.0,0.0,0.0,0.0,0.0,0.0
Nate Moggio,3B,J Ramirez,José Ramírez,1019.0,N,hitter,608070.0,CLE,103.0,26.0,0.0,12.0,57.0,65.0,51.0,34.0,3.0,0.0,0.0,0.0,0.0,0.0,0.0,0.0,61.0,43.0,0.163,7.0,2.0,0.0,1.0,1.0,3.0,3.0,3.0,0.0,0.0,0.0,0.0,0.0,0.0,0.0,0.0
Nate Moggio,3B,A Bregman,Alex Bregman,1375.0,N,hitter,608324.0,CHC,156.0,32.0,2.0,26.0,73.0,88.0,88.0,3.0,12.0,0.0,0.0,0.0,0.0,0.0,0.0,0.0,115.0,41.0,0.268,11.0,4.0,1.0,2.0,6.0,5.0,7.0,0.0,3.0,0.0,0.0,0.0,0.0,0.0,0.0,0.0
Nate Moggio,SS,B Witt Jr,Bobby Witt Jr.,1309.0,N,hitter,677951.0,KC,145.0,30.0,1.0,18.0,66.0,85.0,54.0,42.0,3.0,0.0,0.0,0.0,0.0,0.0,0.0,0.0,101.0,45.0,0.2,9.0,2.0,0.0,1.0,8.0,6.0,3.0,4.0,1.0,0.0,0.0,0.0,0.0,0.0,0.0,0.0
Nate Moggio,SS,E De La Cruz,Elly De La Cruz,1416.0,N,hitter,682829.0,CIN,152.0,29.0,5.0,28.0,66.0,96.0,74.0,27.0,2.0,0.0,0.0,0.0,0.0,0.0,0.0,0.0,204.0,48.0,0.396,19.0,5.0,0.0,7.0,7.0,12.0,13.0,3.0,0.0,0.0,0.0,0.0,0.0,0.0,0.0,0.0
Nate Moggio,OF,J Duran,Jarren Duran,1002.0,N,hitter,680776.0,BOS,108.0,15.0,4.0,20.0,37.0,65.0,69.0,19.0,6.0,0.0,0.0,0.0,0.0,0.0,0.0,0.0,48.0,28.0,0.179,5.0,1.0,0.0,1.0,2.0,4.0,1.0,1.0,1.0,0.0,0.0,0.0,0.0,0.0,0.0,0.0
Nate Moggio,OF,A Judge,Aaron Judge,654.0,N,hitter,592450.0,NYY,57.0,10.0,0.0,18.0,43.0,45.0,41.0,5.0,2.0,0.0,0.0,0.0,0.0,0.0,0.0,0.0,32.0,23.0,0.174,4.0,0.0,0.0,1.0,1.0,2.0,3.0,0.0,0.0,0.0,0.0,0.0,0.0,0.0,0.0,0.0
Nate Moggio,OF,R Acuna Jr,Ronald Acuña Jr.,954.0,N,hitter,660670.0,ATL,99.0,18.0,1.0,19.0,50.0,59.0,51.0,20.0,5.0,0.0,0.0,0.0,0.0,0.0,0.0,0.0,144.0,53.0,0.302,16.0,4.0,0.0,5.0,3.0,9.0,11.0,0.0,0.0,0.0,0.0,0.0,0.0,0.0,0.0,0.0
Nate Moggio,OF,J Soto,Juan Soto,1029.0,N,hitter,665742.0,NYM,101.0,11.0,2.0,26.0,73.0,59.0,64.0,9.0,0.0,0.0,0.0,0.0,0.0,0.0,0.0,0.0,134.0,54.0,0.259,14.0,3.0,0.0,3.0,8.0,9.0,8.0,1.0,0.0,0.0,0.0,0.0,0.0,0.0,0.0,0.0
Nate Moggio,OF,J Chourio,Jackson Chourio,1207.0,N,hitter,694192.0,MIL,143.0,27.0,0.0,24.0,43.0,89.0,70.0,19.0,2.0,0.0,0.0,0.0,0.0,0.0,0.0,0.0,162.0,54.0,0.315,17.0,3.0,0.0,3.0,5.0,13.0,12.0,4.0,0.0,0.0,0.0,0.0,0.0,0.0,0.0,0.0
Nate Moggio,OF,F Tatis Jr,Fernando Tatis Jr.,1465.0,N,hitter,665487.0,SD,171.0,30.0,3.0,23.0,62.0,92.0,79.0,35.0,6.0,0.0,0.0,0.0,0.0,0.0,0.0,0.0,172.0,52.0,0.327,17.0,1.0,1.0,4.0,8.0,12.0,9.0,4.0,1.0,0.0,0.0,0.0,0.0,0.0,0.0,0.0
Nate Moggio,DH/Utility,C Abrams,CJ Abrams,1437.0,N,hitter,682928.0,WSH,145.0,30.0,3.0,30.0,53.0,89.0,97.0,30.0,12.0,0.0,0.0,0.0,0.0,0.0,0.0,0.0,90.0,40.0,0.25,10.0,4.0,0.0,1.0,3.0,7.0,3.0,3.0,0.0,0.0,0.0,0.0,0.0,0.0,0.0,0.0
Nate Moggio,DH/Utility,S Ohtani,Shohei Ohtani,1956.0,Y,both,660271.0,,139.0,25.0,4.0,30.0,80.0,89.0,80.0,11.0,7.0,85.2,17.0,8.0,0.0,95.0,12.0,0.0,3.0,3.0,0.0,0.0,0.0,0.0,0.0,1.0,0.0,0.0,0.0,0.0,0.0,0.0,0.0,0.0,0.0,0.0,0.0
Nate Moggio,SP,Trev Rogers,Trevor Rogers,800.0,N,pitcher,669432.0,BAL,0.0,0.0,0.0,0.0,0.0,0.0,0.0,0.0,0.0,157.2,74.0,10.0,0.0,143.0,14.0,0.0,63.0,0.0,0.0,0.0,0.0,0.0,0.0,0.0,0.0,0.0,0.0,0.0,13.1,5.0,3.38,1.0,0.0,11.0,0.0
Nate Moggio,SP,T Skubal,Tarik Skubal,952.0,N,pitcher,669373.0,LAD,0.0,0.0,0.0,0.0,0.0,0.0,0.0,0.0,0.0,146.2,44.0,10.0,0.0,173.0,15.0,0.0,89.0,0.0,0.0,0.0,0.0,0.0,0.0,0.0,0.0,0.0,0.0,0.0,14.1,2.0,1.26,2.0,0.0,14.0,0.0
Nate Moggio,SP,H Brown,Hunter Brown,575.0,N,pitcher,686613.0,HOU,0.0,0.0,0.0,0.0,0.0,0.0,0.0,0.0,0.0,97.0,37.0,6.0,0.0,110.0,7.0,0.0,71.0,0.0,0.0,0.0,0.0,0.0,0.0,0.0,0.0,0.0,0.0,0.0,10.0,5.0,4.5,1.0,0.0,17.0,0.0
Nate Moggio,SP,N Eovaldi,Nathan Eovaldi,759.0,N,pitcher,543135.0,TEX,0.0,0.0,0.0,0.0,0.0,0.0,0.0,0.0,0.0,139.1,63.0,11.0,0.0,140.0,11.0,0.0,31.0,0.0,0.0,0.0,0.0,0.0,0.0,0.0,0.0,0.0,0.0,0.0,6.2,1.0,1.35,1.0,0.0,3.0,0.0
Nate Moggio,SP,S Alcantara,Sandy Alcantara,976.0,N,pitcher,645261.0,MIA,0.0,0.0,0.0,0.0,0.0,0.0,0.0,0.0,0.0,206.0,88.0,13.0,1.0,149.0,21.0,0.0,24.0,0.0,0.0,0.0,0.0,0.0,0.0,0.0,0.0,0.0,0.0,0.0,10.1,11.0,9.58,0.0,1.0,7.0,0.0
Nate Moggio,SP,C Sanchez,Cristopher Sánchez,1222.0,N,pitcher,650911.0,PHI,0.0,0.0,0.0,0.0,0.0,0.0,0.0,0.0,0.0,193.2,63.0,17.0,0.0,215.0,20.0,0.0,33.0,0.0,0.0,0.0,0.0,0.0,0.0,0.0,0.0,0.0,0.0,0.0,12.1,11.0,8.03,1.0,0.0,8.0,0.0
Nate Moggio,SP,P Skenes,Paul Skenes,971.0,N,pitcher,694973.0,PIT,0.0,0.0,0.0,0.0,0.0,0.0,0.0,0.0,0.0,168.0,73.0,10.0,0.0,192.0,12.0,0.0,78.0,0.0,0.0,0.0,0.0,0.0,0.0,0.0,0.0,0.0,0.0,0.0,18.1,7.0,3.44,1.0,0.0,13.0,0.0
Nate Moggio,SP,L Webb,Logan Webb,778.0,Y,pitcher,657277.0,,0.0,0.0,0.0,0.0,0.0,0.0,0.0,0.0,0.0,160.2,77.0,8.0,0.0,134.0,17.0,0.0,57.0,0.0,0.0,0.0,0.0,0.0,0.0,0.0,0.0,0.0,0.0,0.0,11.0,7.0,5.73,0.0,0.0,15.0,0.0
Nate Moggio,RP,I Seymour,Ian Seymour,766.0,N,pitcher,693855.0,TB,0.0,0.0,0.0,0.0,0.0,0.0,0.0,0.0,0.0,127.1,62.0,9.0,2.0,155.0,6.0,10.0,66.0,0.0,0.0,0.0,0.0,0.0,0.0,0.0,0.0,0.0,0.0,0.0,14.0,9.0,5.79,0.0,0.0,17.0,0.0
Nate Moggio,RP,G Taylor,Grant Taylor,588.0,N,pitcher,691799.0,CWS,0.0,0.0,0.0,0.0,0.0,0.0,0.0,0.0,0.0,80.2,21.0,7.0,9.0,103.0,0.0,10.0,43.0,0.0,0.0,0.0,0.0,0.0,0.0,0.0,0.0,0.0,0.0,0.0,7.2,4.0,4.7,0.0,1.0,9.0,0.0
Nate Moggio,RP,R Detmers,Reid Detmers,1029.0,N,pitcher,672282.0,LAA,0.0,0.0,0.0,0.0,0.0,0.0,0.0,0.0,0.0,174.0,65.0,6.0,0.0,199.0,15.0,0.0,88.0,0.0,0.0,0.0,0.0,0.0,0.0,0.0,0.0,0.0,0.0,0.0,12.0,3.0,2.25,2.0,0.0,17.0,0.0
Nate Moggio,RP,K Leahy,Kyle Leahy,713.0,N,pitcher,681517.0,STL,0.0,0.0,0.0,0.0,0.0,0.0,0.0,0.0,0.0,138.0,56.0,10.0,0.0,129.0,6.0,0.0,26.0,0.0,0.0,0.0,0.0,0.0,0.0,0.0,0.0,0.0,0.0,0.0,8.2,11.0,11.42,0.0,0.0,11.0,0.0
Jake Brittain,C,C Raleigh,Cal Raleigh,868.0,N,hitter,663728.0,SEA,77.0,14.0,0.0,22.0,66.0,47.0,66.0,2.0,3.0,0.0,0.0,0.0,0.0,0.0,0.0,0.0,96.0,46.0,0.217,10.0,3.0,0.0,1.0,6.0,8.0,8.0,0.0,0.0,0.0,0.0,0.0,0.0,0.0,0.0,0.0
Jake Brittain,C,H Goodman,Hunter Goodman,1179.0,N,hitter,696100.0,COL,119.0,19.0,2.0,38.0,44.0,80.0,81.0,5.0,5.0,0.0,0.0,0.0,0.0,0.0,0.0,0.0,73.0,35.0,0.171,6.0,1.0,1.0,2.0,2.0,5.0,7.0,0.0,1.0,0.0,0.0,0.0,0.0,0.0,0.0,0.0
Jake Brittain,1B,V Guerrero Jr,Vladimir Guerrero Jr.,1008.0,N,hitter,665489.0,TOR,137.0,24.0,0.0,9.0,55.0,71.0,56.0,7.0,5.0,0.0,0.0,0.0,0.0,0.0,0.0,0.0,81.0,47.0,0.255,12.0,2.0,0.0,1.0,5.0,5.0,2.0,0.0,1.0,0.0,0.0,0.0,0.0,0.0,0.0,0.0
Jake Brittain,1B,N Kurtz,Nick Kurtz,1003.0,Y,hitter,701762.0,,90.0,15.0,1.0,21.0,79.0,62.0,69.0,7.0,3.0,0.0,0.0,0.0,0.0,0.0,0.0,0.0,0.0,0.0,0.0,0.0,0.0,0.0,0.0,0.0,0.0,0.0,0.0,0.0,0.0,0.0,0.0,0.0,0.0,0.0,0.0
Jake Brittain,2B,N Hoerner,Nico Hoerner,1114.0,N,hitter,663538.0,CHC,158.0,28.0,1.0,8.0,41.0,61.0,69.0,22.0,8.0,0.0,0.0,0.0,0.0,0.0,0.0,0.0,67.0,49.0,0.265,13.0,1.0,0.0,0.0,0.0,5.0,6.0,0.0,1.0,0.0,0.0,0.0,0.0,0.0,0.0,0.0
Jake Brittain,2B,K Marte,Ketel Marte,1117.0,N,hitter,606466.0,AZ,132.0,29.0,3.0,22.0,47.0,71.0,74.0,4.0,6.0,0.0,0.0,0.0,0.0,0.0,0.0,0.0,96.0,53.0,0.226,12.0,5.0,0.0,1.0,4.0,6.0,7.0,0.0,0.0,0.0,0.0,0.0,0.0,0.0,0.0,0.0
Jake Brittain,3B,M Vargas,Miguel Vargas,1487.0,N,hitter,678246.0,CWS,141.0,31.0,1.0,32.0,91.0,99.0,87.0,19.0,7.0,0.0,0.0,0.0,0.0,0.0,0.0,0.0,114.0,52.0,0.231,12.0,1.0,0.0,2.0,5.0,5.0,10.0,4.0,0.0,0.0,0.0,0.0,0.0,0.0,0.0,0.0
Jake Brittain,3B,J Ramirez,José Ramírez,1019.0,N,hitter,608070.0,CLE,103.0,26.0,0.0,12.0,57.0,65.0,51.0,34.0,3.0,0.0,0.0,0.0,0.0,0.0,0.0,0.0,61.0,43.0,0.163,7.0,2.0,0.0,1.0,1.0,3.0,3.0,3.0,0.0,0.0,0.0,0.0,0.0,0.0,0.0,0.0
Jake Brittain,SS,G Henderson,Gunnar Henderson,1221.0,N,hitter,683002.0,BAL,135.0,26.0,5.0,23.0,65.0,87.0,58.0,10.0,9.0,0.0,0.0,0.0,0.0,0.0,0.0,0.0,77.0,40.0,0.275,11.0,2.0,0.0,1.0,7.0,4.0,1.0,0.0,0.0,0.0,0.0,0.0,0.0,0.0,0.0,0.0
Jake Brittain,SS,B Witt Jr,Bobby Witt Jr.,1309.0,N,hitter,677951.0,KC,145.0,30.0,1.0,18.0,66.0,85.0,54.0,42.0,3.0,0.0,0.0,0.0,0.0,0.0,0.0,0.0,101.0,45.0,0.2,9.0,2.0,0.0,1.0,8.0,6.0,3.0,4.0,1.0,0.0,0.0,0.0,0.0,0.0,0.0,0.0
Jake Brittain,OF,A Judge,Aaron Judge,654.0,N,hitter,592450.0,NYY,57.0,10.0,0.0,18.0,43.0,45.0,41.0,5.0,2.0,0.0,0.0,0.0,0.0,0.0,0.0,0.0,32.0,23.0,0.174,4.0,0.0,0.0,1.0,1.0,2.0,3.0,0.0,0.0,0.0,0.0,0.0,0.0,0.0,0.0,0.0
Jake Brittain,OF,J Marsee,Jakob Marsee,1093.0,N,hitter,805300.0,MIA,112.0,19.0,6.0,11.0,75.0,78.0,39.0,23.0,14.0,0.0,0.0,0.0,0.0,0.0,0.0,0.0,140.0,44.0,0.409,18.0,2.0,1.0,2.0,5.0,9.0,7.0,2.0,2.0,0.0,0.0,0.0,0.0,0.0,0.0,0.0
Jake Brittain,OF,J Soto,Juan Soto,1029.0,N,hitter,665742.0,NYM,101.0,11.0,2.0,26.0,73.0,59.0,64.0,9.0,0.0,0.0,0.0,0.0,0.0,0.0,0.0,0.0,134.0,54.0,0.259,14.0,3.0,0.0,3.0,8.0,9.0,8.0,1.0,0.0,0.0,0.0,0.0,0.0,0.0,0.0,0.0
Jake Brittain,OF,J Wood,James Wood,1438.0,N,hitter,695578.0,WSH,128.0,30.0,1.0,30.0,99.0,102.0,76.0,21.0,4.0,0.0,0.0,0.0,0.0,0.0,0.0,0.0,84.0,36.0,0.25,9.0,2.0,0.0,0.0,9.0,2.0,2.0,4.0,0.0,0.0,0.0,0.0,0.0,0.0,0.0,0.0
Jake Brittain,OF,J Chourio,Jackson Chourio,1207.0,N,hitter,694192.0,MIL,143.0,27.0,0.0,24.0,43.0,89.0,70.0,19.0,2.0,0.0,0.0,0.0,0.0,0.0,0.0,0.0,162.0,54.0,0.315,17.0,3.0,0.0,3.0,5.0,13.0,12.0,4.0,0.0,0.0,0.0,0.0,0.0,0.0,0.0,0.0
Jake Brittain,OF,A Burleson,Alec Burleson,1360.0,N,hitter,676475.0,STL,164.0,37.0,1.0,23.0,55.0,85.0,111.0,4.0,6.0,0.0,0.0,0.0,0.0,0.0,0.0,0.0,118.0,43.0,0.302,13.0,4.0,0.0,2.0,7.0,7.0,9.0,0.0,0.0,0.0,0.0,0.0,0.0,0.0,0.0,0.0
Jake Brittain,DH/Utility,Y Alvarez,Yordan Alvarez,1625.0,N,hitter,670541.0,HOU,167.0,32.0,1.0,40.0,105.0,98.0,99.0,1.0,10.0,0.0,0.0,0.0,0.0,0.0,0.0,0.0,98.0,34.0,0.235,8.0,3.0,0.0,3.0,8.0,5.0,5.0,0.0,0.0,0.0,0.0,0.0,0.0,0.0,0.0,0.0
Jake Brittain,DH/Utility,S Ohtani,Shohei Ohtani,1956.0,Y,both,660271.0,,139.0,25.0,4.0,30.0,80.0,89.0,80.0,11.0,7.0,85.2,17.0,8.0,0.0,95.0,12.0,0.0,3.0,3.0,0.0,0.0,0.0,0.0,0.0,1.0,0.0,0.0,0.0,0.0,0.0,0.0,0.0,0.0,0.0,0.0,0.0
Jake Brittain,SP,G Crochet,Garrett Crochet,168.0,Y,pitcher,676979.0,,0.0,0.0,0.0,0.0,0.0,0.0,0.0,0.0,0.0,30.0,21.0,3.0,0.0,37.0,3.0,0.0,0.0,0.0,0.0,0.0,0.0,0.0,0.0,0.0,0.0,0.0,0.0,0.0,0.0,0.0,0.0,0.0,0.0,0.0,0.0
Jake Brittain,SP,T Skubal,Tarik Skubal,952.0,N,pitcher,669373.0,LAD,0.0,0.0,0.0,0.0,0.0,0.0,0.0,0.0,0.0,146.2,44.0,10.0,0.0,173.0,15.0,0.0,89.0,0.0,0.0,0.0,0.0,0.0,0.0,0.0,0.0,0.0,0.0,0.0,14.1,2.0,1.26,2.0,0.0,14.0,0.0
Jake Brittain,SP,J Ryan,Joe Ryan,753.0,N,pitcher,657746.0,MIN,0.0,0.0,0.0,0.0,0.0,0.0,0.0,0.0,0.0,133.2,57.0,6.0,0.0,146.0,11.0,0.0,30.0,0.0,0.0,0.0,0.0,0.0,0.0,0.0,0.0,0.0,0.0,0.0,8.0,6.0,6.75,0.0,0.0,8.0,0.0
Jake Brittain,SP,J Soriano,José Soriano,899.0,N,pitcher,667755.0,TOR,0.0,0.0,0.0,0.0,0.0,0.0,0.0,0.0,0.0,169.1,67.0,12.0,0.0,159.0,11.0,0.0,51.0,0.0,0.0,0.0,0.0,0.0,0.0,0.0,0.0,0.0,0.0,0.0,13.1,6.0,4.05,1.0,0.0,8.0,0.0
Jake Brittain,SP,N Eovaldi,Nathan Eovaldi,759.0,N,pitcher,543135.0,TEX,0.0,0.0,0.0,0.0,0.0,0.0,0.0,0.0,0.0,139.1,63.0,11.0,0.0,140.0,11.0,0.0,31.0,0.0,0.0,0.0,0.0,0.0,0.0,0.0,0.0,0.0,0.0,0.0,6.2,1.0,1.35,1.0,0.0,3.0,0.0
Jake Brittain,SP,C Burns,Chase Burns,1001.0,N,pitcher,695505.0,CIN,0.0,0.0,0.0,0.0,0.0,0.0,0.0,0.0,0.0,154.1,49.0,15.0,0.0,185.0,11.0,0.0,57.0,0.0,0.0,0.0,0.0,0.0,0.0,0.0,0.0,0.0,0.0,0.0,9.0,4.0,4.0,0.0,0.0,14.0,0.0
Jake Brittain,SP,P Skenes,Paul Skenes,971.0,N,pitcher,694973.0,PIT,0.0,0.0,0.0,0.0,0.0,0.0,0.0,0.0,0.0,168.0,73.0,10.0,0.0,192.0,12.0,0.0,78.0,0.0,0.0,0.0,0.0,0.0,0.0,0.0,0.0,0.0,0.0,0.0,18.1,7.0,3.44,1.0,0.0,13.0,0.0
Jake Brittain,SP,L Webb,Logan Webb,778.0,Y,pitcher,657277.0,,0.0,0.0,0.0,0.0,0.0,0.0,0.0,0.0,0.0,160.2,77.0,8.0,0.0,134.0,17.0,0.0,57.0,0.0,0.0,0.0,0.0,0.0,0.0,0.0,0.0,0.0,0.0,0.0,11.0,7.0,5.73,0.0,0.0,15.0,0.0
Jake Brittain,RP,G Jax,Griffin Jax,560.0,N,pitcher,643377.0,TB,0.0,0.0,0.0,0.0,0.0,0.0,0.0,0.0,0.0,104.1,44.0,7.0,0.0,110.0,2.0,2.0,59.0,0.0,0.0,0.0,0.0,0.0,0.0,0.0,0.0,0.0,0.0,0.0,10.0,1.0,0.9,1.0,0.0,9.0,0.0
Jake Brittain,RP,R Iglesias,Raisel Iglesias,470.0,N,pitcher,628452.0,ATL,0.0,0.0,0.0,0.0,0.0,0.0,0.0,0.0,0.0,57.0,17.0,1.0,33.0,60.0,0.0,0.0,45.0,0.0,0.0,0.0,0.0,0.0,0.0,0.0,0.0,0.0,0.0,0.0,5.0,1.0,1.8,0.0,3.0,6.0,0.0
Jake Brittain,RP,Jo Duran,Jhoan Duran,543.0,N,pitcher,661395.0,PHI,0.0,0.0,0.0,0.0,0.0,0.0,0.0,0.0,0.0,56.1,11.0,2.0,32.0,79.0,0.0,0.0,57.0,0.0,0.0,0.0,0.0,0.0,0.0,0.0,0.0,0.0,0.0,0.0,6.0,2.0,3.0,0.0,3.0,10.0,0.0
Jake Brittain,RP,M Miller,Mason Miller,736.0,N,pitcher,695243.0,SD,0.0,0.0,0.0,0.0,0.0,0.0,0.0,0.0,0.0,64.1,8.0,5.0,37.0,119.0,0.0,0.0,73.0,0.0,0.0,0.0,0.0,0.0,0.0,0.0,0.0,0.0,0.0,0.0,5.0,0.0,0.0,0.0,5.0,11.0,0.0
Andrew Sadowski,C,C Raleigh,Cal Raleigh,868.0,N,hitter,663728.0,SEA,77.0,14.0,0.0,22.0,66.0,47.0,66.0,2.0,3.0,0.0,0.0,0.0,0.0,0.0,0.0,0.0,96.0,46.0,0.217,10.0,3.0,0.0,1.0,6.0,8.0,8.0,0.0,0.0,0.0,0.0,0.0,0.0,0.0,0.0,0.0
Andrew Sadowski,C,H Goodman,Hunter Goodman,1179.0,N,hitter,696100.0,COL,119.0,19.0,2.0,38.0,44.0,80.0,81.0,5.0,5.0,0.0,0.0,0.0,0.0,0.0,0.0,0.0,73.0,35.0,0.171,6.0,1.0,1.0,2.0,2.0,5.0,7.0,0.0,1.0,0.0,0.0,0.0,0.0,0.0,0.0,0.0
Andrew Sadowski,1B,N Kurtz,Nick Kurtz,1003.0,Y,hitter,701762.0,,90.0,15.0,1.0,21.0,79.0,62.0,69.0,7.0,3.0,0.0,0.0,0.0,0.0,0.0,0.0,0.0,0.0,0.0,0.0,0.0,0.0,0.0,0.0,0.0,0.0,0.0,0.0,0.0,0.0,0.0,0.0,0.0,0.0,0.0,0.0
Andrew Sadowski,1B,V Guerrero Jr,Vladimir Guerrero Jr.,1008.0,N,hitter,665489.0,TOR,137.0,24.0,0.0,9.0,55.0,71.0,56.0,7.0,5.0,0.0,0.0,0.0,0.0,0.0,0.0,0.0,81.0,47.0,0.255,12.0,2.0,0.0,1.0,5.0,5.0,2.0,0.0,1.0,0.0,0.0,0.0,0.0,0.0,0.0,0.0
Andrew Sadowski,2B,J Holliday,Jackson Holliday,590.0,Y,hitter,702616.0,,72.0,12.0,1.0,7.0,34.0,45.0,30.0,8.0,0.0,0.0,0.0,0.0,0.0,0.0,0.0,0.0,35.0,35.0,0.171,6.0,1.0,0.0,0.0,0.0,5.0,2.0,0.0,0.0,0.0,0.0,0.0,0.0,0.0,0.0,0.0
Andrew Sadowski,2B,J Wetherholt,JJ Wetherholt,1095.0,N,hitter,802139.0,STL,123.0,14.0,0.0,17.0,63.0,88.0,48.0,14.0,16.0,0.0,0.0,0.0,0.0,0.0,0.0,0.0,3.0,7.0,0.143,1.0,0.0,0.0,0.0,0.0,0.0,0.0,0.0,0.0,0.0,0.0,0.0,0.0,0.0,0.0,0.0
Andrew Sadowski,3B,J Caminero,Junior Caminero,1490.0,N,hitter,691406.0,TB,162.0,24.0,1.0,41.0,78.0,94.0,97.0,3.0,4.0,0.0,0.0,0.0,0.0,0.0,0.0,0.0,127.0,44.0,0.25,11.0,3.0,0.0,4.0,8.0,8.0,7.0,0.0,1.0,0.0,0.0,0.0,0.0,0.0,0.0,0.0
Andrew Sadowski,3B,J Ramirez,José Ramírez,1019.0,N,hitter,608070.0,CLE,103.0,26.0,0.0,12.0,57.0,65.0,51.0,34.0,3.0,0.0,0.0,0.0,0.0,0.0,0.0,0.0,61.0,43.0,0.163,7.0,2.0,0.0,1.0,1.0,3.0,3.0,3.0,0.0,0.0,0.0,0.0,0.0,0.0,0.0,0.0
Andrew Sadowski,SS,B Witt Jr,Bobby Witt Jr.,1309.0,N,hitter,677951.0,KC,145.0,30.0,1.0,18.0,66.0,85.0,54.0,42.0,3.0,0.0,0.0,0.0,0.0,0.0,0.0,0.0,101.0,45.0,0.2,9.0,2.0,0.0,1.0,8.0,6.0,3.0,4.0,1.0,0.0,0.0,0.0,0.0,0.0,0.0,0.0
Andrew Sadowski,SS,Z Neto,Zach Neto,1368.0,N,hitter,687263.0,LAA,142.0,29.0,5.0,26.0,61.0,97.0,74.0,21.0,13.0,0.0,0.0,0.0,0.0,0.0,0.0,0.0,146.0,49.0,0.306,15.0,1.0,1.0,3.0,6.0,9.0,8.0,2.0,4.0,0.0,0.0,0.0,0.0,0.0,0.0,0.0
Andrew Sadowski,OF,R Anthony,Roman Anthony,360.0,N,hitter,701350.0,BOS,44.0,7.0,2.0,5.0,27.0,21.0,14.0,2.0,1.0,0.0,0.0,0.0,0.0,0.0,0.0,0.0,75.0,52.0,0.173,9.0,0.0,0.0,2.0,4.0,4.0,7.0,0.0,0.0,0.0,0.0,0.0,0.0,0.0,0.0,0.0
Andrew Sadowski,OF,A Judge,Aaron Judge,654.0,N,hitter,592450.0,NYY,57.0,10.0,0.0,18.0,43.0,45.0,41.0,5.0,2.0,0.0,0.0,0.0,0.0,0.0,0.0,0.0,32.0,23.0,0.174,4.0,0.0,0.0,1.0,1.0,2.0,3.0,0.0,0.0,0.0,0.0,0.0,0.0,0.0,0.0,0.0
Andrew Sadowski,OF,R Acuna Jr,Ronald Acuña Jr.,954.0,N,hitter,660670.0,ATL,99.0,18.0,1.0,19.0,50.0,59.0,51.0,20.0,5.0,0.0,0.0,0.0,0.0,0.0,0.0,0.0,144.0,53.0,0.302,16.0,4.0,0.0,5.0,3.0,9.0,11.0,0.0,0.0,0.0,0.0,0.0,0.0,0.0,0.0,0.0
Andrew Sadowski,OF,J Wood,James Wood,1438.0,N,hitter,695578.0,WSH,128.0,30.0,1.0,30.0,99.0,102.0,76.0,21.0,4.0,0.0,0.0,0.0,0.0,0.0,0.0,0.0,84.0,36.0,0.25,9.0,2.0,0.0,0.0,9.0,2.0,2.0,4.0,0.0,0.0,0.0,0.0,0.0,0.0,0.0,0.0
Andrew Sadowski,OF,J Chourio,Jackson Chourio,1207.0,N,hitter,694192.0,MIL,143.0,27.0,0.0,24.0,43.0,89.0,70.0,19.0,2.0,0.0,0.0,0.0,0.0,0.0,0.0,0.0,162.0,54.0,0.315,17.0,3.0,0.0,3.0,5.0,13.0,12.0,4.0,0.0,0.0,0.0,0.0,0.0,0.0,0.0,0.0
Andrew Sadowski,OF,C Carroll,Corbin Carroll,1360.0,N,hitter,682998.0,AZ,133.0,31.0,16.0,22.0,70.0,89.0,69.0,21.0,8.0,0.0,0.0,0.0,0.0,0.0,0.0,0.0,91.0,39.0,0.256,10.0,3.0,0.0,3.0,1.0,6.0,8.0,0.0,0.0,0.0,0.0,0.0,0.0,0.0,0.0,0.0
Andrew Sadowski,DH/Utility,S Ohtani,Shohei Ohtani,1956.0,Y,both,660271.0,,139.0,25.0,4.0,30.0,80.0,89.0,80.0,11.0,7.0,85.2,17.0,8.0,0.0,95.0,12.0,0.0,3.0,3.0,0.0,0.0,0.0,0.0,0.0,1.0,0.0,0.0,0.0,0.0,0.0,0.0,0.0,0.0,0.0,0.0,0.0
Andrew Sadowski,DH/Utility,R Devers,Rafael Devers,1389.0,Y,hitter,646240.0,,144.0,36.0,1.0,37.0,69.0,88.0,98.0,0.0,2.0,0.0,0.0,0.0,0.0,0.0,0.0,0.0,94.0,23.0,0.304,7.0,2.0,0.0,4.0,3.0,5.0,10.0,0.0,0.0,0.0,0.0,0.0,0.0,0.0,0.0,0.0
Andrew Sadowski,SP,J Ryan,Joe Ryan,753.0,N,pitcher,657746.0,MIN,0.0,0.0,0.0,0.0,0.0,0.0,0.0,0.0,0.0,133.2,57.0,6.0,0.0,146.0,11.0,0.0,30.0,0.0,0.0,0.0,0.0,0.0,0.0,0.0,0.0,0.0,0.0,0.0,8.0,6.0,6.75,0.0,0.0,8.0,0.0
Andrew Sadowski,SP,T Skubal,Tarik Skubal,952.0,N,pitcher,669373.0,LAD,0.0,0.0,0.0,0.0,0.0,0.0,0.0,0.0,0.0,146.2,44.0,10.0,0.0,173.0,15.0,0.0,89.0,0.0,0.0,0.0,0.0,0.0,0.0,0.0,0.0,0.0,0.0,0.0,14.1,2.0,1.26,2.0,0.0,14.0,0.0
Andrew Sadowski,SP,H Brown,Hunter Brown,575.0,N,pitcher,686613.0,HOU,0.0,0.0,0.0,0.0,0.0,0.0,0.0,0.0,0.0,97.0,37.0,6.0,0.0,110.0,7.0,0.0,71.0,0.0,0.0,0.0,0.0,0.0,0.0,0.0,0.0,0.0,0.0,0.0,10.0,5.0,4.5,1.0,0.0,17.0,0.0
Andrew Sadowski,SP,M Gore,MacKenzie Gore,840.0,N,pitcher,669022.0,TEX,0.0,0.0,0.0,0.0,0.0,0.0,0.0,0.0,0.0,165.2,86.0,8.0,0.0,172.0,9.0,0.0,6.0,0.0,0.0,0.0,0.0,0.0,0.0,0.0,0.0,0.0,0.0,0.0,11.0,12.0,9.82,0.0,0.0,3.0,0.0
Andrew Sadowski,SP,E Perez,Eury Pérez,796.0,N,pitcher,691587.0,MIA,0.0,0.0,0.0,0.0,0.0,0.0,0.0,0.0,0.0,144.1,64.0,7.0,0.0,155.0,11.0,0.0,33.0,0.0,0.0,0.0,0.0,0.0,0.0,0.0,0.0,0.0,0.0,0.0,9.0,8.0,8.0,0.0,0.0,10.0,0.0
Andrew Sadowski,SP,C Sanchez,Cristopher Sánchez,1222.0,N,pitcher,650911.0,PHI,0.0,0.0,0.0,0.0,0.0,0.0,0.0,0.0,0.0,193.2,63.0,17.0,0.0,215.0,20.0,0.0,33.0,0.0,0.0,0.0,0.0,0.0,0.0,0.0,0.0,0.0,0.0,0.0,12.1,11.0,8.03,1.0,0.0,8.0,0.0
Andrew Sadowski,SP,N Lodolo,Nick Lodolo,397.0,N,pitcher,666157.0,CIN,0.0,0.0,0.0,0.0,0.0,0.0,0.0,0.0,0.0,96.2,55.0,3.0,0.0,79.0,4.0,0.0,44.0,0.0,0.0,0.0,0.0,0.0,0.0,0.0,0.0,0.0,0.0,0.0,11.2,7.0,5.4,0.0,0.0,10.0,0.0
Andrew Sadowski,SP,P Skenes,Paul Skenes,971.0,N,pitcher,694973.0,PIT,0.0,0.0,0.0,0.0,0.0,0.0,0.0,0.0,0.0,168.0,73.0,10.0,0.0,192.0,12.0,0.0,78.0,0.0,0.0,0.0,0.0,0.0,0.0,0.0,0.0,0.0,0.0,0.0,18.1,7.0,3.44,1.0,0.0,13.0,0.0
Andrew Sadowski,RP,S Dominguez,Seranthony Domínguez,387.0,N,pitcher,622554.0,SEA,0.0,0.0,0.0,0.0,0.0,0.0,0.0,0.0,0.0,59.0,25.0,5.0,12.0,62.0,0.0,7.0,35.0,0.0,0.0,0.0,0.0,0.0,0.0,0.0,0.0,0.0,0.0,0.0,6.0,0.0,0.0,0.0,0.0,5.0,1.0
Andrew Sadowski,RP,D Williams,Devin Williams,304.0,Y,pitcher,642207.0,,0.0,0.0,0.0,0.0,0.0,0.0,0.0,0.0,0.0,38.2,20.0,3.0,16.0,51.0,0.0,0.0,0.0,0.0,0.0,0.0,0.0,0.0,0.0,0.0,0.0,0.0,0.0,0.0,0.0,0.0,0.0,0.0,0.0,0.0,0.0
Andrew Sadowski,RP,D Palencia,Daniel Palencia,145.0,N,pitcher,694037.0,CHC,0.0,0.0,0.0,0.0,0.0,0.0,0.0,0.0,0.0,25.1,12.0,2.0,3.0,26.0,0.0,1.0,21.0,0.0,0.0,0.0,0.0,0.0,0.0,0.0,0.0,0.0,0.0,0.0,4.1,0.0,0.0,0.0,0.0,2.0,1.0
Andrew Sadowski,RP,M Miller,Mason Miller,736.0,N,pitcher,695243.0,SD,0.0,0.0,0.0,0.0,0.0,0.0,0.0,0.0,0.0,64.1,8.0,5.0,37.0,119.0,0.0,0.0,73.0,0.0,0.0,0.0,0.0,0.0,0.0,0.0,0.0,0.0,0.0,0.0,5.0,0.0,0.0,0.0,5.0,11.0,0.0
Randy Sherman,C,C Raleigh,Cal Raleigh,868.0,N,hitter,663728.0,SEA,77.0,14.0,0.0,22.0,66.0,47.0,66.0,2.0,3.0,0.0,0.0,0.0,0.0,0.0,0.0,0.0,96.0,46.0,0.217,10.0,3.0,0.0,1.0,6.0,8.0,8.0,0.0,0.0,0.0,0.0,0.0,0.0,0.0,0.0,0.0
Randy Sherman,C,H Goodman,Hunter Goodman,1179.0,N,hitter,696100.0,COL,119.0,19.0,2.0,38.0,44.0,80.0,81.0,5.0,5.0,0.0,0.0,0.0,0.0,0.0,0.0,0.0,73.0,35.0,0.171,6.0,1.0,1.0,2.0,2.0,5.0,7.0,0.0,1.0,0.0,0.0,0.0,0.0,0.0,0.0,0.0
Randy Sherman,1B,S Torkelson,Spencer Torkelson,1087.0,N,hitter,679529.0,DET,116.0,26.0,0.0,24.0,66.0,63.0,72.0,1.0,7.0,0.0,0.0,0.0,0.0,0.0,0.0,0.0,107.0,36.0,0.306,11.0,2.0,0.0,2.0,8.0,7.0,6.0,1.0,0.0,0.0,0.0,0.0,0.0,0.0,0.0,0.0
Randy Sherman,1B,N Kurtz,Nick Kurtz,1003.0,Y,hitter,701762.0,,90.0,15.0,1.0,21.0,79.0,62.0,69.0,7.0,3.0,0.0,0.0,0.0,0.0,0.0,0.0,0.0,0.0,0.0,0.0,0.0,0.0,0.0,0.0,0.0,0.0,0.0,0.0,0.0,0.0,0.0,0.0,0.0,0.0,0.0,0.0
Randy Sherman,2B,M McLain,,0.0,,hitter,0.0,,0.0,0.0,0.0,0.0,0.0,0.0,0.0,0.0,0.0,0.0,0.0,0.0,0.0,0.0,0.0,0.0,0.0,0.0,0.0,0.0,0.0,0.0,0.0,0.0,0.0,0.0,0.0,0.0,0.0,0.0,0.0,0.0,0.0,0.0,0.0
Randy Sherman,2B,K Marte,Ketel Marte,1117.0,N,hitter,606466.0,AZ,132.0,29.0,3.0,22.0,47.0,71.0,74.0,4.0,6.0,0.0,0.0,0.0,0.0,0.0,0.0,0.0,96.0,53.0,0.226,12.0,5.0,0.0,1.0,4.0,6.0,7.0,0.0,0.0,0.0,0.0,0.0,0.0,0.0,0.0,0.0
Randy Sherman,3B,J Ramirez,José Ramírez,1019.0,N,hitter,608070.0,CLE,103.0,26.0,0.0,12.0,57.0,65.0,51.0,34.0,3.0,0.0,0.0,0.0,0.0,0.0,0.0,0.0,61.0,43.0,0.163,7.0,2.0,0.0,1.0,1.0,3.0,3.0,3.0,0.0,0.0,0.0,0.0,0.0,0.0,0.0,0.0
Randy Sherman,3B,J Westburg,Jordan Westburg,0.0,Y,hitter,676059.0,,0.0,0.0,0.0,0.0,0.0,0.0,0.0,0.0,0.0,0.0,0.0,0.0,0.0,0.0,0.0,0.0,0.0,0.0,0.0,0.0,0.0,0.0,0.0,0.0,0.0,0.0,0.0,0.0,0.0,0.0,0.0,0.0,0.0,0.0,0.0
Randy Sherman,SS,Z Neto,Zach Neto,1368.0,N,hitter,687263.0,LAA,142.0,29.0,5.0,26.0,61.0,97.0,74.0,21.0,13.0,0.0,0.0,0.0,0.0,0.0,0.0,0.0,146.0,49.0,0.306,15.0,1.0,1.0,3.0,6.0,9.0,8.0,2.0,4.0,0.0,0.0,0.0,0.0,0.0,0.0,0.0
Randy Sherman,SS,B Witt Jr,Bobby Witt Jr.,1309.0,N,hitter,677951.0,KC,145.0,30.0,1.0,18.0,66.0,85.0,54.0,42.0,3.0,0.0,0.0,0.0,0.0,0.0,0.0,0.0,101.0,45.0,0.2,9.0,2.0,0.0,1.0,8.0,6.0,3.0,4.0,1.0,0.0,0.0,0.0,0.0,0.0,0.0,0.0
Randy Sherman,OF,A Judge,Aaron Judge,654.0,N,hitter,592450.0,NYY,57.0,10.0,0.0,18.0,43.0,45.0,41.0,5.0,2.0,0.0,0.0,0.0,0.0,0.0,0.0,0.0,32.0,23.0,0.174,4.0,0.0,0.0,1.0,1.0,2.0,3.0,0.0,0.0,0.0,0.0,0.0,0.0,0.0,0.0,0.0
Randy Sherman,OF,B Buxton,Byron Buxton,874.0,Y,hitter,621439.0,,94.0,18.0,1.0,25.0,30.0,65.0,46.0,7.0,6.0,0.0,0.0,0.0,0.0,0.0,0.0,0.0,0.0,0.0,0.0,0.0,0.0,0.0,0.0,0.0,0.0,0.0,0.0,0.0,0.0,0.0,0.0,0.0,0.0,0.0,0.0
Randy Sherman,OF,R Acuna Jr,Ronald Acuña Jr.,954.0,N,hitter,660670.0,ATL,99.0,18.0,1.0,19.0,50.0,59.0,51.0,20.0,5.0,0.0,0.0,0.0,0.0,0.0,0.0,0.0,144.0,53.0,0.302,16.0,4.0,0.0,5.0,3.0,9.0,11.0,0.0,0.0,0.0,0.0,0.0,0.0,0.0,0.0,0.0
Randy Sherman,OF,J Soto,Juan Soto,1029.0,N,hitter,665742.0,NYM,101.0,11.0,2.0,26.0,73.0,59.0,64.0,9.0,0.0,0.0,0.0,0.0,0.0,0.0,0.0,0.0,134.0,54.0,0.259,14.0,3.0,0.0,3.0,8.0,9.0,8.0,1.0,0.0,0.0,0.0,0.0,0.0,0.0,0.0,0.0
Randy Sherman,OF,J Wood,James Wood,1438.0,N,hitter,695578.0,WSH,128.0,30.0,1.0,30.0,99.0,102.0,76.0,21.0,4.0,0.0,0.0,0.0,0.0,0.0,0.0,0.0,84.0,36.0,0.25,9.0,2.0,0.0,0.0,9.0,2.0,2.0,4.0,0.0,0.0,0.0,0.0,0.0,0.0,0.0,0.0
Randy Sherman,OF,F Tatis Jr,Fernando Tatis Jr.,1465.0,N,hitter,665487.0,SD,171.0,30.0,3.0,23.0,62.0,92.0,79.0,35.0,6.0,0.0,0.0,0.0,0.0,0.0,0.0,0.0,172.0,52.0,0.327,17.0,1.0,1.0,4.0,8.0,12.0,9.0,4.0,1.0,0.0,0.0,0.0,0.0,0.0,0.0,0.0
Randy Sherman,DH/Utility,K Schwarber,Kyle Schwarber,1452.0,N,hitter,656941.0,PHI,130.0,17.0,1.0,45.0,96.0,90.0,95.0,3.0,7.0,0.0,0.0,0.0,0.0,0.0,0.0,0.0,137.0,49.0,0.204,10.0,0.0,0.0,5.0,9.0,9.0,12.0,0.0,1.0,0.0,0.0,0.0,0.0,0.0,0.0,0.0
Randy Sherman,DH/Utility,I Herrera,Iván Herrera,1268.0,N,hitter,671056.0,STL,139.0,25.0,1.0,16.0,74.0,93.0,66.0,8.0,29.0,0.0,0.0,0.0,0.0,0.0,0.0,0.0,86.0,42.0,0.214,9.0,1.0,0.0,1.0,5.0,7.0,7.0,0.0,2.0,0.0,0.0,0.0,0.0,0.0,0.0,0.0
Randy Sherman,SP,G Crochet,Garrett Crochet,168.0,Y,pitcher,676979.0,,0.0,0.0,0.0,0.0,0.0,0.0,0.0,0.0,0.0,30.0,21.0,3.0,0.0,37.0,3.0,0.0,0.0,0.0,0.0,0.0,0.0,0.0,0.0,0.0,0.0,0.0,0.0,0.0,0.0,0.0,0.0,0.0,0.0,0.0,0.0
Randy Sherman,SP,S McClanahan,Shane McClanahan,610.0,Y,pitcher,663556.0,,0.0,0.0,0.0,0.0,0.0,0.0,0.0,0.0,0.0,118.0,44.0,10.0,0.0,106.0,4.0,0.0,0.0,0.0,0.0,0.0,0.0,0.0,0.0,0.0,0.0,0.0,0.0,0.0,0.0,0.0,0.0,0.0,0.0,0.0,0.0
Randy Sherman,SP,T Yesavage,Trey Yesavage,500.0,Y,pitcher,702056.0,,0.0,0.0,0.0,0.0,0.0,0.0,0.0,0.0,0.0,93.2,38.0,5.0,0.0,91.0,7.0,0.0,0.0,0.0,0.0,0.0,0.0,0.0,0.0,0.0,0.0,0.0,0.0,0.0,0.0,0.0,0.0,0.0,0.0,0.0,0.0
Randy Sherman,SP,S Smith,Shane Smith,28.0,Y,pitcher,681343.0,,0.0,0.0,0.0,0.0,0.0,0.0,0.0,0.0,0.0,8.1,10.0,0.0,0.0,11.0,0.0,0.0,0.0,0.0,0.0,0.0,0.0,0.0,0.0,0.0,0.0,0.0,0.0,0.0,0.0,0.0,0.0,0.0,0.0,0.0,0.0
Randy Sherman,SP,H Brown,Hunter Brown,575.0,N,pitcher,686613.0,HOU,0.0,0.0,0.0,0.0,0.0,0.0,0.0,0.0,0.0,97.0,37.0,6.0,0.0,110.0,7.0,0.0,71.0,0.0,0.0,0.0,0.0,0.0,0.0,0.0,0.0,0.0,0.0,0.0,10.0,5.0,4.5,1.0,0.0,17.0,0.0
Randy Sherman,SP,N Eovaldi,Nathan Eovaldi,759.0,N,pitcher,543135.0,TEX,0.0,0.0,0.0,0.0,0.0,0.0,0.0,0.0,0.0,139.1,63.0,11.0,0.0,140.0,11.0,0.0,31.0,0.0,0.0,0.0,0.0,0.0,0.0,0.0,0.0,0.0,0.0,0.0,6.2,1.0,1.35,1.0,0.0,3.0,0.0
Randy Sherman,SP,Y Yamamoto,Yoshinobu Yamamoto,1096.0,N,pitcher,808967.0,LAD,0.0,0.0,0.0,0.0,0.0,0.0,0.0,0.0,0.0,179.0,50.0,14.0,0.0,178.0,21.0,0.0,100.0,0.0,0.0,0.0,0.0,0.0,0.0,0.0,0.0,0.0,0.0,0.0,14.0,1.0,0.64,2.0,0.0,17.0,0.0
Randy Sherman,SP,L Webb,Logan Webb,778.0,Y,pitcher,657277.0,,0.0,0.0,0.0,0.0,0.0,0.0,0.0,0.0,0.0,160.2,77.0,8.0,0.0,134.0,17.0,0.0,57.0,0.0,0.0,0.0,0.0,0.0,0.0,0.0,0.0,0.0,0.0,0.0,11.0,7.0,5.73,0.0,0.0,15.0,0.0
Randy Sherman,RP,P Fairbanks,Pete Fairbanks,327.0,Y,pitcher,664126.0,,0.0,0.0,0.0,0.0,0.0,0.0,0.0,0.0,0.0,41.1,29.0,4.0,19.0,57.0,0.0,2.0,2.0,0.0,0.0,0.0,0.0,0.0,0.0,0.0,0.0,0.0,0.0,0.0,1.0,2.0,18.0,0.0,1.0,0.0,0.0
Randy Sherman,RP,D Palencia,Daniel Palencia,145.0,N,pitcher,694037.0,CHC,0.0,0.0,0.0,0.0,0.0,0.0,0.0,0.0,0.0,25.1,12.0,2.0,3.0,26.0,0.0,1.0,21.0,0.0,0.0,0.0,0.0,0.0,0.0,0.0,0.0,0.0,0.0,0.0,4.1,0.0,0.0,0.0,0.0,2.0,1.0
Randy Sherman,RP,T Megill,Trevor Megill,489.0,N,pitcher,656730.0,MIL,0.0,0.0,0.0,0.0,0.0,0.0,0.0,0.0,0.0,58.2,18.0,3.0,28.0,66.0,0.0,7.0,25.0,0.0,0.0,0.0,0.0,0.0,0.0,0.0,0.0,0.0,0.0,0.0,4.1,5.0,10.38,1.0,2.0,4.0,0.0
Randy Sherman,RP,H Barco,Hunter Barco,52.0,Y,pitcher,682995.0,,0.0,0.0,0.0,0.0,0.0,0.0,0.0,0.0,0.0,17.2,15.0,0.0,0.0,14.0,0.0,1.0,0.0,0.0,0.0,0.0,0.0,0.0,0.0,0.0,0.0,0.0,0.0,0.0,0.0,0.0,0.0,0.0,0.0,0.0,0.0
Jamie Horton,C,C Raleigh,Cal Raleigh,868.0,N,hitter,663728.0,SEA,77.0,14.0,0.0,22.0,66.0,47.0,66.0,2.0,3.0,0.0,0.0,0.0,0.0,0.0,0.0,0.0,96.0,46.0,0.217,10.0,3.0,0.0,1.0,6.0,8.0,8.0,0.0,0.0,0.0,0.0,0.0,0.0,0.0,0.0,0.0
Jamie Horton,C,W Contreras,William Contreras,1172.0,N,hitter,661388.0,MIL,147.0,27.0,1.0,17.0,58.0,81.0,87.0,1.0,4.0,0.0,0.0,0.0,0.0,0.0,0.0,0.0,125.0,38.0,0.263,10.0,2.0,0.0,4.0,5.0,9.0,14.0,0.0,0.0,0.0,0.0,0.0,0.0,0.0,0.0,0.0
Jamie Horton,1B,V Guerrero Jr,Vladimir Guerrero Jr.,1008.0,N,hitter,665489.0,TOR,137.0,24.0,0.0,9.0,55.0,71.0,56.0,7.0,5.0,0.0,0.0,0.0,0.0,0.0,0.0,0.0,81.0,47.0,0.255,12.0,2.0,0.0,1.0,5.0,5.0,2.0,0.0,1.0,0.0,0.0,0.0,0.0,0.0,0.0,0.0
Jamie Horton,1B,N Kurtz,Nick Kurtz,1003.0,Y,hitter,701762.0,,90.0,15.0,1.0,21.0,79.0,62.0,69.0,7.0,3.0,0.0,0.0,0.0,0.0,0.0,0.0,0.0,0.0,0.0,0.0,0.0,0.0,0.0,0.0,0.0,0.0,0.0,0.0,0.0,0.0,0.0,0.0,0.0,0.0,0.0,0.0
Jamie Horton,2B,J Holliday,Jackson Holliday,590.0,Y,hitter,702616.0,,72.0,12.0,1.0,7.0,34.0,45.0,30.0,8.0,0.0,0.0,0.0,0.0,0.0,0.0,0.0,0.0,35.0,35.0,0.171,6.0,1.0,0.0,0.0,0.0,5.0,2.0,0.0,0.0,0.0,0.0,0.0,0.0,0.0,0.0,0.0
Jamie Horton,2B,J Cronenworth,Jake Cronenworth,600.0,N,hitter,630105.0,SD,78.0,11.0,1.0,5.0,36.0,41.0,30.0,7.0,5.0,0.0,0.0,0.0,0.0,0.0,0.0,0.0,80.0,46.0,0.283,13.0,0.0,1.0,1.0,3.0,6.0,4.0,0.0,0.0,0.0,0.0,0.0,0.0,0.0,0.0,0.0
Jamie Horton,3B,J Caminero,Junior Caminero,1490.0,N,hitter,691406.0,TB,162.0,24.0,1.0,41.0,78.0,94.0,97.0,3.0,4.0,0.0,0.0,0.0,0.0,0.0,0.0,0.0,127.0,44.0,0.25,11.0,3.0,0.0,4.0,8.0,8.0,7.0,0.0,1.0,0.0,0.0,0.0,0.0,0.0,0.0,0.0
Jamie Horton,3B,J Ramirez,José Ramírez,1019.0,N,hitter,608070.0,CLE,103.0,26.0,0.0,12.0,57.0,65.0,51.0,34.0,3.0,0.0,0.0,0.0,0.0,0.0,0.0,0.0,61.0,43.0,0.163,7.0,2.0,0.0,1.0,1.0,3.0,3.0,3.0,0.0,0.0,0.0,0.0,0.0,0.0,0.0,0.0
Jamie Horton,SS,B Witt Jr,Bobby Witt Jr.,1309.0,N,hitter,677951.0,KC,145.0,30.0,1.0,18.0,66.0,85.0,54.0,42.0,3.0,0.0,0.0,0.0,0.0,0.0,0.0,0.0,101.0,45.0,0.2,9.0,2.0,0.0,1.0,8.0,6.0,3.0,4.0,1.0,0.0,0.0,0.0,0.0,0.0,0.0,0.0
Jamie Horton,SS,E Tovar,Ezequiel Tovar,748.0,N,hitter,678662.0,COL,96.0,22.0,0.0,11.0,29.0,54.0,42.0,8.0,2.0,0.0,0.0,0.0,0.0,0.0,0.0,0.0,73.0,29.0,0.31,9.0,1.0,0.0,1.0,2.0,10.0,1.0,2.0,0.0,0.0,0.0,0.0,0.0,0.0,0.0,0.0
Jamie Horton,OF,R Anthony,Roman Anthony,360.0,N,hitter,701350.0,BOS,44.0,7.0,2.0,5.0,27.0,21.0,14.0,2.0,1.0,0.0,0.0,0.0,0.0,0.0,0.0,0.0,75.0,52.0,0.173,9.0,0.0,0.0,2.0,4.0,4.0,7.0,0.0,0.0,0.0,0.0,0.0,0.0,0.0,0.0,0.0
Jamie Horton,OF,A Judge,Aaron Judge,654.0,N,hitter,592450.0,NYY,57.0,10.0,0.0,18.0,43.0,45.0,41.0,5.0,2.0,0.0,0.0,0.0,0.0,0.0,0.0,0.0,32.0,23.0,0.174,4.0,0.0,0.0,1.0,1.0,2.0,3.0,0.0,0.0,0.0,0.0,0.0,0.0,0.0,0.0,0.0
Jamie Horton,OF,R Acuna Jr,Ronald Acuña Jr.,954.0,N,hitter,660670.0,ATL,99.0,18.0,1.0,19.0,50.0,59.0,51.0,20.0,5.0,0.0,0.0,0.0,0.0,0.0,0.0,0.0,144.0,53.0,0.302,16.0,4.0,0.0,5.0,3.0,9.0,11.0,0.0,0.0,0.0,0.0,0.0,0.0,0.0,0.0,0.0
Jamie Horton,OF,J Soto,Juan Soto,1029.0,N,hitter,665742.0,NYM,101.0,11.0,2.0,26.0,73.0,59.0,64.0,9.0,0.0,0.0,0.0,0.0,0.0,0.0,0.0,0.0,134.0,54.0,0.259,14.0,3.0,0.0,3.0,8.0,9.0,8.0,1.0,0.0,0.0,0.0,0.0,0.0,0.0,0.0,0.0
Jamie Horton,OF,J Wood,James Wood,1438.0,N,hitter,695578.0,WSH,128.0,30.0,1.0,30.0,99.0,102.0,76.0,21.0,4.0,0.0,0.0,0.0,0.0,0.0,0.0,0.0,84.0,36.0,0.25,9.0,2.0,0.0,0.0,9.0,2.0,2.0,4.0,0.0,0.0,0.0,0.0,0.0,0.0,0.0,0.0
Jamie Horton,OF,C Carroll,Corbin Carroll,1360.0,N,hitter,682998.0,AZ,133.0,31.0,16.0,22.0,70.0,89.0,69.0,21.0,8.0,0.0,0.0,0.0,0.0,0.0,0.0,0.0,91.0,39.0,0.256,10.0,3.0,0.0,3.0,1.0,6.0,8.0,0.0,0.0,0.0,0.0,0.0,0.0,0.0,0.0,0.0
Jamie Horton,DH/Utility,K Schwarber,Kyle Schwarber,1452.0,N,hitter,656941.0,PHI,130.0,17.0,1.0,45.0,96.0,90.0,95.0,3.0,7.0,0.0,0.0,0.0,0.0,0.0,0.0,0.0,137.0,49.0,0.204,10.0,0.0,0.0,5.0,9.0,9.0,12.0,0.0,1.0,0.0,0.0,0.0,0.0,0.0,0.0,0.0
Jamie Horton,DH/Utility,S Ohtani,Shohei Ohtani,1956.0,Y,both,660271.0,,139.0,25.0,4.0,30.0,80.0,89.0,80.0,11.0,7.0,85.2,17.0,8.0,0.0,95.0,12.0,0.0,3.0,3.0,0.0,0.0,0.0,0.0,0.0,1.0,0.0,0.0,0.0,0.0,0.0,0.0,0.0,0.0,0.0,0.0,0.0
Jamie Horton,SP,T Skubal,Tarik Skubal,952.0,N,pitcher,669373.0,LAD,0.0,0.0,0.0,0.0,0.0,0.0,0.0,0.0,0.0,146.2,44.0,10.0,0.0,173.0,15.0,0.0,89.0,0.0,0.0,0.0,0.0,0.0,0.0,0.0,0.0,0.0,0.0,0.0,14.1,2.0,1.26,2.0,0.0,14.0,0.0
Jamie Horton,SP,J Ryan,Joe Ryan,753.0,N,pitcher,657746.0,MIN,0.0,0.0,0.0,0.0,0.0,0.0,0.0,0.0,0.0,133.2,57.0,6.0,0.0,146.0,11.0,0.0,30.0,0.0,0.0,0.0,0.0,0.0,0.0,0.0,0.0,0.0,0.0,0.0,8.0,6.0,6.75,0.0,0.0,8.0,0.0
Jamie Horton,SP,N Eovaldi,Nathan Eovaldi,759.0,N,pitcher,543135.0,TEX,0.0,0.0,0.0,0.0,0.0,0.0,0.0,0.0,0.0,139.1,63.0,11.0,0.0,140.0,11.0,0.0,31.0,0.0,0.0,0.0,0.0,0.0,0.0,0.0,0.0,0.0,0.0,0.0,6.2,1.0,1.35,1.0,0.0,3.0,0.0
Jamie Horton,SP,S Alcantara,Sandy Alcantara,976.0,N,pitcher,645261.0,MIA,0.0,0.0,0.0,0.0,0.0,0.0,0.0,0.0,0.0,206.0,88.0,13.0,1.0,149.0,21.0,0.0,24.0,0.0,0.0,0.0,0.0,0.0,0.0,0.0,0.0,0.0,0.0,0.0,10.1,11.0,9.58,0.0,1.0,7.0,0.0
Jamie Horton,SP,C Burns,Chase Burns,1001.0,N,pitcher,695505.0,CIN,0.0,0.0,0.0,0.0,0.0,0.0,0.0,0.0,0.0,154.1,49.0,15.0,0.0,185.0,11.0,0.0,57.0,0.0,0.0,0.0,0.0,0.0,0.0,0.0,0.0,0.0,0.0,0.0,9.0,4.0,4.0,0.0,0.0,14.0,0.0
Jamie Horton,SP,P Skenes,Paul Skenes,971.0,N,pitcher,694973.0,PIT,0.0,0.0,0.0,0.0,0.0,0.0,0.0,0.0,0.0,168.0,73.0,10.0,0.0,192.0,12.0,0.0,78.0,0.0,0.0,0.0,0.0,0.0,0.0,0.0,0.0,0.0,0.0,0.0,18.1,7.0,3.44,1.0,0.0,13.0,0.0
Jamie Horton,SP,H Dobbins,Hunter Dobbins,282.0,Y,pitcher,690928.0,,0.0,0.0,0.0,0.0,0.0,0.0,0.0,0.0,0.0,54.0,22.0,3.0,1.0,52.0,2.0,0.0,0.0,0.0,0.0,0.0,0.0,0.0,0.0,0.0,0.0,0.0,0.0,0.0,0.0,0.0,0.0,0.0,0.0,0.0,0.0
Jamie Horton,SP,L Webb,Logan Webb,778.0,Y,pitcher,657277.0,,0.0,0.0,0.0,0.0,0.0,0.0,0.0,0.0,0.0,160.2,77.0,8.0,0.0,134.0,17.0,0.0,57.0,0.0,0.0,0.0,0.0,0.0,0.0,0.0,0.0,0.0,0.0,0.0,11.0,7.0,5.73,0.0,0.0,15.0,0.0
Jamie Horton,RP,S Dominguez,Seranthony Domínguez,387.0,N,pitcher,622554.0,SEA,0.0,0.0,0.0,0.0,0.0,0.0,0.0,0.0,0.0,59.0,25.0,5.0,12.0,62.0,0.0,7.0,35.0,0.0,0.0,0.0,0.0,0.0,0.0,0.0,0.0,0.0,0.0,0.0,6.0,0.0,0.0,0.0,0.0,5.0,1.0
Jamie Horton,RP,J Hader,Josh Hader,433.0,N,pitcher,623352.0,HOU,0.0,0.0,0.0,0.0,0.0,0.0,0.0,0.0,0.0,43.1,4.0,4.0,26.0,55.0,0.0,0.0,36.0,0.0,0.0,0.0,0.0,0.0,0.0,0.0,0.0,0.0,0.0,0.0,5.0,1.0,1.8,0.0,3.0,3.0,0.0
Jamie Horton,RP,R Detmers,Reid Detmers,1029.0,N,pitcher,672282.0,LAA,0.0,0.0,0.0,0.0,0.0,0.0,0.0,0.0,0.0,174.0,65.0,6.0,0.0,199.0,15.0,0.0,88.0,0.0,0.0,0.0,0.0,0.0,0.0,0.0,0.0,0.0,0.0,0.0,12.0,3.0,2.25,2.0,0.0,17.0,0.0
Jamie Horton,RP,D Palencia,Daniel Palencia,145.0,N,pitcher,694037.0,CHC,0.0,0.0,0.0,0.0,0.0,0.0,0.0,0.0,0.0,25.1,12.0,2.0,3.0,26.0,0.0,1.0,21.0,0.0,0.0,0.0,0.0,0.0,0.0,0.0,0.0,0.0,0.0,0.0,4.1,0.0,0.0,0.0,0.0,2.0,1.0
Paul Serio,C,C Raleigh,Cal Raleigh,868.0,N,hitter,663728.0,SEA,77.0,14.0,0.0,22.0,66.0,47.0,66.0,2.0,3.0,0.0,0.0,0.0,0.0,0.0,0.0,0.0,96.0,46.0,0.217,10.0,3.0,0.0,1.0,6.0,8.0,8.0,0.0,0.0,0.0,0.0,0.0,0.0,0.0,0.0,0.0
Paul Serio,C,W Contreras,William Contreras,1172.0,N,hitter,661388.0,MIL,147.0,27.0,1.0,17.0,58.0,81.0,87.0,1.0,4.0,0.0,0.0,0.0,0.0,0.0,0.0,0.0,125.0,38.0,0.263,10.0,2.0,0.0,4.0,5.0,9.0,14.0,0.0,0.0,0.0,0.0,0.0,0.0,0.0,0.0,0.0
Paul Serio,1B,V Guerrero Jr,Vladimir Guerrero Jr.,1008.0,N,hitter,665489.0,TOR,137.0,24.0,0.0,9.0,55.0,71.0,56.0,7.0,5.0,0.0,0.0,0.0,0.0,0.0,0.0,0.0,81.0,47.0,0.255,12.0,2.0,0.0,1.0,5.0,5.0,2.0,0.0,1.0,0.0,0.0,0.0,0.0,0.0,0.0,0.0
Paul Serio,1B,R Devers,Rafael Devers,1389.0,Y,hitter,646240.0,,144.0,36.0,1.0,37.0,69.0,88.0,98.0,0.0,2.0,0.0,0.0,0.0,0.0,0.0,0.0,0.0,94.0,23.0,0.304,7.0,2.0,0.0,4.0,3.0,5.0,10.0,0.0,0.0,0.0,0.0,0.0,0.0,0.0,0.0,0.0
Paul Serio,2B,L Keaschall,Luke Keaschall,1109.0,N,hitter,807712.0,MIN,140.0,25.0,1.0,9.0,56.0,75.0,45.0,18.0,22.0,0.0,0.0,0.0,0.0,0.0,0.0,0.0,101.0,47.0,0.319,15.0,1.0,0.0,0.0,6.0,8.0,1.0,2.0,3.0,0.0,0.0,0.0,0.0,0.0,0.0,0.0
Paul Serio,2B,K Marte,Ketel Marte,1117.0,N,hitter,606466.0,AZ,132.0,29.0,3.0,22.0,47.0,71.0,74.0,4.0,6.0,0.0,0.0,0.0,0.0,0.0,0.0,0.0,96.0,53.0,0.226,12.0,5.0,0.0,1.0,4.0,6.0,7.0,0.0,0.0,0.0,0.0,0.0,0.0,0.0,0.0,0.0
Paul Serio,3B,J Caminero,Junior Caminero,1490.0,N,hitter,691406.0,TB,162.0,24.0,1.0,41.0,78.0,94.0,97.0,3.0,4.0,0.0,0.0,0.0,0.0,0.0,0.0,0.0,127.0,44.0,0.25,11.0,3.0,0.0,4.0,8.0,8.0,7.0,0.0,1.0,0.0,0.0,0.0,0.0,0.0,0.0,0.0
Paul Serio,3B,J Ramirez,José Ramírez,1019.0,N,hitter,608070.0,CLE,103.0,26.0,0.0,12.0,57.0,65.0,51.0,34.0,3.0,0.0,0.0,0.0,0.0,0.0,0.0,0.0,61.0,43.0,0.163,7.0,2.0,0.0,1.0,1.0,3.0,3.0,3.0,0.0,0.0,0.0,0.0,0.0,0.0,0.0,0.0
Paul Serio,SS,G Henderson,Gunnar Henderson,1221.0,N,hitter,683002.0,BAL,135.0,26.0,5.0,23.0,65.0,87.0,58.0,10.0,9.0,0.0,0.0,0.0,0.0,0.0,0.0,0.0,77.0,40.0,0.275,11.0,2.0,0.0,1.0,7.0,4.0,1.0,0.0,0.0,0.0,0.0,0.0,0.0,0.0,0.0,0.0
Paul Serio,SS,B Witt Jr,Bobby Witt Jr.,1309.0,N,hitter,677951.0,KC,145.0,30.0,1.0,18.0,66.0,85.0,54.0,42.0,3.0,0.0,0.0,0.0,0.0,0.0,0.0,0.0,101.0,45.0,0.2,9.0,2.0,0.0,1.0,8.0,6.0,3.0,4.0,1.0,0.0,0.0,0.0,0.0,0.0,0.0,0.0
Paul Serio,OF,A Judge,Aaron Judge,654.0,N,hitter,592450.0,NYY,57.0,10.0,0.0,18.0,43.0,45.0,41.0,5.0,2.0,0.0,0.0,0.0,0.0,0.0,0.0,0.0,32.0,23.0,0.174,4.0,0.0,0.0,1.0,1.0,2.0,3.0,0.0,0.0,0.0,0.0,0.0,0.0,0.0,0.0,0.0
Paul Serio,OF,B Rooker,Brent Rooker,359.0,Y,hitter,667670.0,,36.0,4.0,0.0,10.0,19.0,20.0,29.0,2.0,2.0,0.0,0.0,0.0,0.0,0.0,0.0,0.0,0.0,0.0,0.0,0.0,0.0,0.0,0.0,0.0,0.0,0.0,0.0,0.0,0.0,0.0,0.0,0.0,0.0,0.0,0.0
Paul Serio,OF,Y Alvarez,Yordan Alvarez,1625.0,N,hitter,670541.0,HOU,167.0,32.0,1.0,40.0,105.0,98.0,99.0,1.0,10.0,0.0,0.0,0.0,0.0,0.0,0.0,0.0,98.0,34.0,0.235,8.0,3.0,0.0,3.0,8.0,5.0,5.0,0.0,0.0,0.0,0.0,0.0,0.0,0.0,0.0,0.0
Paul Serio,OF,R Acuna Jr,Ronald Acuña Jr.,954.0,N,hitter,660670.0,ATL,99.0,18.0,1.0,19.0,50.0,59.0,51.0,20.0,5.0,0.0,0.0,0.0,0.0,0.0,0.0,0.0,144.0,53.0,0.302,16.0,4.0,0.0,5.0,3.0,9.0,11.0,0.0,0.0,0.0,0.0,0.0,0.0,0.0,0.0,0.0
Paul Serio,OF,J Soto,Juan Soto,1029.0,N,hitter,665742.0,NYM,101.0,11.0,2.0,26.0,73.0,59.0,64.0,9.0,0.0,0.0,0.0,0.0,0.0,0.0,0.0,0.0,134.0,54.0,0.259,14.0,3.0,0.0,3.0,8.0,9.0,8.0,1.0,0.0,0.0,0.0,0.0,0.0,0.0,0.0,0.0
Paul Serio,OF,J Wood,James Wood,1438.0,N,hitter,695578.0,WSH,128.0,30.0,1.0,30.0,99.0,102.0,76.0,21.0,4.0,0.0,0.0,0.0,0.0,0.0,0.0,0.0,84.0,36.0,0.25,9.0,2.0,0.0,0.0,9.0,2.0,2.0,4.0,0.0,0.0,0.0,0.0,0.0,0.0,0.0,0.0
Paul Serio,DH/Utility,K Schwarber,Kyle Schwarber,1452.0,N,hitter,656941.0,PHI,130.0,17.0,1.0,45.0,96.0,90.0,95.0,3.0,7.0,0.0,0.0,0.0,0.0,0.0,0.0,0.0,137.0,49.0,0.204,10.0,0.0,0.0,5.0,9.0,9.0,12.0,0.0,1.0,0.0,0.0,0.0,0.0,0.0,0.0,0.0
Paul Serio,DH/Utility,S Ohtani,Shohei Ohtani,1956.0,Y,both,660271.0,,139.0,25.0,4.0,30.0,80.0,89.0,80.0,11.0,7.0,85.2,17.0,8.0,0.0,95.0,12.0,0.0,3.0,3.0,0.0,0.0,0.0,0.0,0.0,1.0,0.0,0.0,0.0,0.0,0.0,0.0,0.0,0.0,0.0,0.0,0.0
Paul Serio,SP,G Crochet,Garrett Crochet,168.0,Y,pitcher,676979.0,,0.0,0.0,0.0,0.0,0.0,0.0,0.0,0.0,0.0,30.0,21.0,3.0,0.0,37.0,3.0,0.0,0.0,0.0,0.0,0.0,0.0,0.0,0.0,0.0,0.0,0.0,0.0,0.0,0.0,0.0,0.0,0.0,0.0,0.0,0.0
Paul Serio,SP,S Smith,Shane Smith,28.0,Y,pitcher,681343.0,,0.0,0.0,0.0,0.0,0.0,0.0,0.0,0.0,0.0,8.1,10.0,0.0,0.0,11.0,0.0,0.0,0.0,0.0,0.0,0.0,0.0,0.0,0.0,0.0,0.0,0.0,0.0,0.0,0.0,0.0,0.0,0.0,0.0,0.0,0.0
Paul Serio,SP,T Skubal,Tarik Skubal,952.0,N,pitcher,669373.0,LAD,0.0,0.0,0.0,0.0,0.0,0.0,0.0,0.0,0.0,146.2,44.0,10.0,0.0,173.0,15.0,0.0,89.0,0.0,0.0,0.0,0.0,0.0,0.0,0.0,0.0,0.0,0.0,0.0,14.1,2.0,1.26,2.0,0.0,14.0,0.0
Paul Serio,SP,Y Kikuchi,Yusei Kikuchi,270.0,N,pitcher,579328.0,LAA,0.0,0.0,0.0,0.0,0.0,0.0,0.0,0.0,0.0,57.1,32.0,1.0,0.0,58.0,3.0,0.0,78.0,0.0,0.0,0.0,0.0,0.0,0.0,0.0,0.0,0.0,0.0,0.0,14.1,5.0,3.14,1.0,0.0,15.0,0.0
Paul Serio,SP,M Gore,MacKenzie Gore,840.0,N,pitcher,669022.0,TEX,0.0,0.0,0.0,0.0,0.0,0.0,0.0,0.0,0.0,165.2,86.0,8.0,0.0,172.0,9.0,0.0,6.0,0.0,0.0,0.0,0.0,0.0,0.0,0.0,0.0,0.0,0.0,0.0,11.0,12.0,9.82,0.0,0.0,3.0,0.0
Paul Serio,SP,M Boyd,Matthew Boyd,532.0,N,pitcher,571510.0,CHC,0.0,0.0,0.0,0.0,0.0,0.0,0.0,0.0,0.0,114.2,53.0,8.0,0.0,89.0,8.0,0.0,46.0,0.0,0.0,0.0,0.0,0.0,0.0,0.0,0.0,0.0,0.0,0.0,12.1,7.0,5.11,0.0,0.0,10.0,0.0
Paul Serio,SP,C Burns,Chase Burns,1001.0,N,pitcher,695505.0,CIN,0.0,0.0,0.0,0.0,0.0,0.0,0.0,0.0,0.0,154.1,49.0,15.0,0.0,185.0,11.0,0.0,57.0,0.0,0.0,0.0,0.0,0.0,0.0,0.0,0.0,0.0,0.0,0.0,9.0,4.0,4.0,0.0,0.0,14.0,0.0
Paul Serio,SP,P Skenes,Paul Skenes,971.0,N,pitcher,694973.0,PIT,0.0,0.0,0.0,0.0,0.0,0.0,0.0,0.0,0.0,168.0,73.0,10.0,0.0,192.0,12.0,0.0,78.0,0.0,0.0,0.0,0.0,0.0,0.0,0.0,0.0,0.0,0.0,0.0,18.1,7.0,3.44,1.0,0.0,13.0,0.0
Paul Serio,RP,P Fairbanks,Pete Fairbanks,327.0,Y,pitcher,664126.0,,0.0,0.0,0.0,0.0,0.0,0.0,0.0,0.0,0.0,41.1,29.0,4.0,19.0,57.0,0.0,2.0,2.0,0.0,0.0,0.0,0.0,0.0,0.0,0.0,0.0,0.0,0.0,0.0,1.0,2.0,18.0,0.0,1.0,0.0,0.0
Paul Serio,RP,K Leahy,Kyle Leahy,713.0,N,pitcher,681517.0,STL,0.0,0.0,0.0,0.0,0.0,0.0,0.0,0.0,0.0,138.0,56.0,10.0,0.0,129.0,6.0,0.0,26.0,0.0,0.0,0.0,0.0,0.0,0.0,0.0,0.0,0.0,0.0,0.0,8.2,11.0,11.42,0.0,0.0,11.0,0.0
Paul Serio,RP,V Vodnik,Victor Vodnik,229.0,N,pitcher,680767.0,MIA,0.0,0.0,0.0,0.0,0.0,0.0,0.0,0.0,0.0,53.2,32.0,3.0,4.0,39.0,0.0,6.0,9.0,0.0,0.0,0.0,0.0,0.0,0.0,0.0,0.0,0.0,0.0,0.0,6.0,6.0,9.0,0.0,0.0,3.0,0.0
Paul Serio,RP,M Miller,Mason Miller,736.0,N,pitcher,695243.0,SD,0.0,0.0,0.0,0.0,0.0,0.0,0.0,0.0,0.0,64.1,8.0,5.0,37.0,119.0,0.0,0.0,73.0,0.0,0.0,0.0,0.0,0.0,0.0,0.0,0.0,0.0,0.0,0.0,5.0,0.0,0.0,0.0,5.0,11.0,0.0
Tim Horton,C,A Ramirez,Agustín Ramírez,399.0,N,hitter,682663.0,MIA,46.0,9.0,1.0,5.0,24.0,28.0,22.0,4.0,2.0,0.0,0.0,0.0,0.0,0.0,0.0,0.0,50.0,21.0,0.286,6.0,1.0,0.0,2.0,1.0,2.0,4.0,0.0,0.0,0.0,0.0,0.0,0.0,0.0,0.0,0.0
Tim Horton,C,H Goodman,Hunter Goodman,1179.0,N,hitter,696100.0,COL,119.0,19.0,2.0,38.0,44.0,80.0,81.0,5.0,5.0,0.0,0.0,0.0,0.0,0.0,0.0,0.0,73.0,35.0,0.171,6.0,1.0,1.0,2.0,2.0,5.0,7.0,0.0,1.0,0.0,0.0,0.0,0.0,0.0,0.0,0.0
Tim Horton,1B,P Alonso,Pete Alonso,1478.0,N,hitter,624413.0,BAL,154.0,24.0,0.0,38.0,78.0,92.0,105.0,5.0,10.0,0.0,0.0,0.0,0.0,0.0,0.0,0.0,135.0,45.0,0.267,12.0,0.0,0.0,5.0,9.0,6.0,11.0,0.0,1.0,0.0,0.0,0.0,0.0,0.0,0.0,0.0
Tim Horton,1B,V Guerrero Jr,Vladimir Guerrero Jr.,1008.0,N,hitter,665489.0,TOR,137.0,24.0,0.0,9.0,55.0,71.0,56.0,7.0,5.0,0.0,0.0,0.0,0.0,0.0,0.0,0.0,81.0,47.0,0.255,12.0,2.0,0.0,1.0,5.0,5.0,2.0,0.0,1.0,0.0,0.0,0.0,0.0,0.0,0.0,0.0
Tim Horton,2B,B Turang,Brice Turang,1417.0,N,hitter,668930.0,MIL,147.0,34.0,3.0,19.0,89.0,97.0,93.0,19.0,1.0,0.0,0.0,0.0,0.0,0.0,0.0,0.0,169.0,38.0,0.421,16.0,4.0,0.0,2.0,15.0,12.0,11.0,1.0,0.0,0.0,0.0,0.0,0.0,0.0,0.0,0.0
Tim Horton,2B,K Marte,Ketel Marte,1117.0,N,hitter,606466.0,AZ,132.0,29.0,3.0,22.0,47.0,71.0,74.0,4.0,6.0,0.0,0.0,0.0,0.0,0.0,0.0,0.0,96.0,53.0,0.226,12.0,5.0,0.0,1.0,4.0,6.0,7.0,0.0,0.0,0.0,0.0,0.0,0.0,0.0,0.0,0.0
Tim Horton,3B,J Caminero,Junior Caminero,1490.0,N,hitter,691406.0,TB,162.0,24.0,1.0,41.0,78.0,94.0,97.0,3.0,4.0,0.0,0.0,0.0,0.0,0.0,0.0,0.0,127.0,44.0,0.25,11.0,3.0,0.0,4.0,8.0,8.0,7.0,0.0,1.0,0.0,0.0,0.0,0.0,0.0,0.0,0.0
Tim Horton,3B,J Ramirez,José Ramírez,1019.0,N,hitter,608070.0,CLE,103.0,26.0,0.0,12.0,57.0,65.0,51.0,34.0,3.0,0.0,0.0,0.0,0.0,0.0,0.0,0.0,61.0,43.0,0.163,7.0,2.0,0.0,1.0,1.0,3.0,3.0,3.0,0.0,0.0,0.0,0.0,0.0,0.0,0.0,0.0
Tim Horton,SS,C Montgomery,Colson Montgomery,1136.0,N,hitter,695657.0,CWS,111.0,24.0,0.0,31.0,52.0,69.0,87.0,1.0,14.0,0.0,0.0,0.0,0.0,0.0,0.0,0.0,69.0,38.0,0.105,4.0,2.0,0.0,1.0,5.0,4.0,6.0,0.0,3.0,0.0,0.0,0.0,0.0,0.0,0.0,0.0
Tim Horton,SS,B Witt Jr,Bobby Witt Jr.,1309.0,N,hitter,677951.0,KC,145.0,30.0,1.0,18.0,66.0,85.0,54.0,42.0,3.0,0.0,0.0,0.0,0.0,0.0,0.0,0.0,101.0,45.0,0.2,9.0,2.0,0.0,1.0,8.0,6.0,3.0,4.0,1.0,0.0,0.0,0.0,0.0,0.0,0.0,0.0
Tim Horton,OF,A Judge,Aaron Judge,654.0,N,hitter,592450.0,NYY,57.0,10.0,0.0,18.0,43.0,45.0,41.0,5.0,2.0,0.0,0.0,0.0,0.0,0.0,0.0,0.0,32.0,23.0,0.174,4.0,0.0,0.0,1.0,1.0,2.0,3.0,0.0,0.0,0.0,0.0,0.0,0.0,0.0,0.0,0.0
Tim Horton,OF,B Rooker,Brent Rooker,359.0,Y,hitter,667670.0,,36.0,4.0,0.0,10.0,19.0,20.0,29.0,2.0,2.0,0.0,0.0,0.0,0.0,0.0,0.0,0.0,0.0,0.0,0.0,0.0,0.0,0.0,0.0,0.0,0.0,0.0,0.0,0.0,0.0,0.0,0.0,0.0,0.0,0.0,0.0
Tim Horton,OF,J Rodriguez,Julio Rodriguez,1139.0,N,hitter,677594.0,SEA,137.0,24.0,0.0,21.0,46.0,68.0,66.0,22.0,5.0,0.0,0.0,0.0,0.0,0.0,0.0,0.0,87.0,48.0,0.229,11.0,3.0,0.0,1.0,4.0,4.0,5.0,2.0,0.0,0.0,0.0,0.0,0.0,0.0,0.0,0.0
Tim Horton,OF,R Acuna Jr,Ronald Acuña Jr.,954.0,N,hitter,660670.0,ATL,99.0,18.0,1.0,19.0,50.0,59.0,51.0,20.0,5.0,0.0,0.0,0.0,0.0,0.0,0.0,0.0,144.0,53.0,0.302,16.0,4.0,0.0,5.0,3.0,9.0,11.0,0.0,0.0,0.0,0.0,0.0,0.0,0.0,0.0,0.0
Tim Horton,OF,J Soto,Juan Soto,1029.0,N,hitter,665742.0,NYM,101.0,11.0,2.0,26.0,73.0,59.0,64.0,9.0,0.0,0.0,0.0,0.0,0.0,0.0,0.0,0.0,134.0,54.0,0.259,14.0,3.0,0.0,3.0,8.0,9.0,8.0,1.0,0.0,0.0,0.0,0.0,0.0,0.0,0.0,0.0
Tim Horton,OF,P Crow-Armstrong,Pete Crow-Armstrong,1794.0,N,hitter,691718.0,CHC,167.0,29.0,8.0,44.0,78.0,115.0,105.0,37.0,12.0,0.0,0.0,0.0,0.0,0.0,0.0,0.0,160.0,50.0,0.28,14.0,1.0,1.0,5.0,4.0,10.0,12.0,4.0,1.0,0.0,0.0,0.0,0.0,0.0,0.0,0.0
Tim Horton,DH/Utility,J Wood,James Wood,1438.0,N,hitter,695578.0,WSH,128.0,30.0,1.0,30.0,99.0,102.0,76.0,21.0,4.0,0.0,0.0,0.0,0.0,0.0,0.0,0.0,84.0,36.0,0.25,9.0,2.0,0.0,0.0,9.0,2.0,2.0,4.0,0.0,0.0,0.0,0.0,0.0,0.0,0.0,0.0
Tim Horton,DH/Utility,S Ohtani,Shohei Ohtani,1956.0,Y,both,660271.0,,139.0,25.0,4.0,30.0,80.0,89.0,80.0,11.0,7.0,85.2,17.0,8.0,0.0,95.0,12.0,0.0,3.0,3.0,0.0,0.0,0.0,0.0,0.0,1.0,0.0,0.0,0.0,0.0,0.0,0.0,0.0,0.0,0.0,0.0,0.0
Tim Horton,SP,G Crochet,Garrett Crochet,168.0,Y,pitcher,676979.0,,0.0,0.0,0.0,0.0,0.0,0.0,0.0,0.0,0.0,30.0,21.0,3.0,0.0,37.0,3.0,0.0,0.0,0.0,0.0,0.0,0.0,0.0,0.0,0.0,0.0,0.0,0.0,0.0,0.0,0.0,0.0,0.0,0.0,0.0,0.0
Tim Horton,SP,T Skubal,Tarik Skubal,952.0,N,pitcher,669373.0,LAD,0.0,0.0,0.0,0.0,0.0,0.0,0.0,0.0,0.0,146.2,44.0,10.0,0.0,173.0,15.0,0.0,89.0,0.0,0.0,0.0,0.0,0.0,0.0,0.0,0.0,0.0,0.0,0.0,14.1,2.0,1.26,2.0,0.0,14.0,0.0
Tim Horton,SP,J Ryan,Joe Ryan,753.0,N,pitcher,657746.0,MIN,0.0,0.0,0.0,0.0,0.0,0.0,0.0,0.0,0.0,133.2,57.0,6.0,0.0,146.0,11.0,0.0,30.0,0.0,0.0,0.0,0.0,0.0,0.0,0.0,0.0,0.0,0.0,0.0,8.0,6.0,6.75,0.0,0.0,8.0,0.0
Tim Horton,SP,Y Kikuchi,Yusei Kikuchi,270.0,N,pitcher,579328.0,LAA,0.0,0.0,0.0,0.0,0.0,0.0,0.0,0.0,0.0,57.1,32.0,1.0,0.0,58.0,3.0,0.0,78.0,0.0,0.0,0.0,0.0,0.0,0.0,0.0,0.0,0.0,0.0,0.0,14.1,5.0,3.14,1.0,0.0,15.0,0.0
Tim Horton,SP,J DeGrom,Jacob deGrom,965.0,N,pitcher,594798.0,TEX,0.0,0.0,0.0,0.0,0.0,0.0,0.0,0.0,0.0,154.1,65.0,11.0,0.0,194.0,12.0,0.0,125.0,0.0,0.0,0.0,0.0,0.0,0.0,0.0,0.0,0.0,0.0,0.0,17.0,4.0,2.12,1.0,0.0,27.0,0.0
Tim Horton,SP,C Sanchez,Cristopher Sánchez,1222.0,N,pitcher,650911.0,PHI,0.0,0.0,0.0,0.0,0.0,0.0,0.0,0.0,0.0,193.2,63.0,17.0,0.0,215.0,20.0,0.0,33.0,0.0,0.0,0.0,0.0,0.0,0.0,0.0,0.0,0.0,0.0,0.0,12.1,11.0,8.03,1.0,0.0,8.0,0.0
Tim Horton,SP,P Skenes,Paul Skenes,971.0,N,pitcher,694973.0,PIT,0.0,0.0,0.0,0.0,0.0,0.0,0.0,0.0,0.0,168.0,73.0,10.0,0.0,192.0,12.0,0.0,78.0,0.0,0.0,0.0,0.0,0.0,0.0,0.0,0.0,0.0,0.0,0.0,18.1,7.0,3.44,1.0,0.0,13.0,0.0
Tim Horton,SP,L Webb,Logan Webb,778.0,Y,pitcher,657277.0,,0.0,0.0,0.0,0.0,0.0,0.0,0.0,0.0,0.0,160.2,77.0,8.0,0.0,134.0,17.0,0.0,57.0,0.0,0.0,0.0,0.0,0.0,0.0,0.0,0.0,0.0,0.0,0.0,11.0,7.0,5.73,0.0,0.0,15.0,0.0
Tim Horton,RP,J Hader,Josh Hader,433.0,N,pitcher,623352.0,HOU,0.0,0.0,0.0,0.0,0.0,0.0,0.0,0.0,0.0,43.1,4.0,4.0,26.0,55.0,0.0,0.0,36.0,0.0,0.0,0.0,0.0,0.0,0.0,0.0,0.0,0.0,0.0,0.0,5.0,1.0,1.8,0.0,3.0,3.0,0.0
Tim Horton,RP,E Pagan,Emilio Pagán,348.0,N,pitcher,641941.0,CIN,0.0,0.0,0.0,0.0,0.0,0.0,0.0,0.0,0.0,40.2,16.0,5.0,24.0,43.0,0.0,0.0,57.0,0.0,0.0,0.0,0.0,0.0,0.0,0.0,0.0,0.0,0.0,0.0,5.1,0.0,0.0,0.0,4.0,7.0,0.0
Tim Horton,RP,R O'Brien,Riley O'Brien,487.0,N,pitcher,676617.0,STL,0.0,0.0,0.0,0.0,0.0,0.0,0.0,0.0,0.0,62.0,29.0,3.0,37.0,62.0,0.0,1.0,26.0,0.0,0.0,0.0,0.0,0.0,0.0,0.0,0.0,0.0,0.0,0.0,5.0,3.0,5.4,0.0,1.0,5.0,0.0
Tim Horton,RP,M Miller,Mason Miller,736.0,N,pitcher,695243.0,SD,0.0,0.0,0.0,0.0,0.0,0.0,0.0,0.0,0.0,64.1,8.0,5.0,37.0,119.0,0.0,0.0,73.0,0.0,0.0,0.0,0.0,0.0,0.0,0.0,0.0,0.0,0.0,0.0,5.0,0.0,0.0,0.0,5.0,11.0,0.0
Zac Brittain,C,C Raleigh,Cal Raleigh,868.0,N,hitter,663728.0,SEA,77.0,14.0,0.0,22.0,66.0,47.0,66.0,2.0,3.0,0.0,0.0,0.0,0.0,0.0,0.0,0.0,96.0,46.0,0.217,10.0,3.0,0.0,1.0,6.0,8.0,8.0,0.0,0.0,0.0,0.0,0.0,0.0,0.0,0.0,0.0
Zac Brittain,C,H Goodman,Hunter Goodman,1179.0,N,hitter,696100.0,COL,119.0,19.0,2.0,38.0,44.0,80.0,81.0,5.0,5.0,0.0,0.0,0.0,0.0,0.0,0.0,0.0,73.0,35.0,0.171,6.0,1.0,1.0,2.0,2.0,5.0,7.0,0.0,1.0,0.0,0.0,0.0,0.0,0.0,0.0,0.0
Zac Brittain,1B,V Guerrero Jr,Vladimir Guerrero Jr.,1008.0,N,hitter,665489.0,TOR,137.0,24.0,0.0,9.0,55.0,71.0,56.0,7.0,5.0,0.0,0.0,0.0,0.0,0.0,0.0,0.0,81.0,47.0,0.255,12.0,2.0,0.0,1.0,5.0,5.0,2.0,0.0,1.0,0.0,0.0,0.0,0.0,0.0,0.0,0.0
Zac Brittain,1B,N Kurtz,Nick Kurtz,1003.0,Y,hitter,701762.0,,90.0,15.0,1.0,21.0,79.0,62.0,69.0,7.0,3.0,0.0,0.0,0.0,0.0,0.0,0.0,0.0,0.0,0.0,0.0,0.0,0.0,0.0,0.0,0.0,0.0,0.0,0.0,0.0,0.0,0.0,0.0,0.0,0.0,0.0,0.0
Zac Brittain,2B,K Marte,Ketel Marte,1117.0,N,hitter,606466.0,AZ,132.0,29.0,3.0,22.0,47.0,71.0,74.0,4.0,6.0,0.0,0.0,0.0,0.0,0.0,0.0,0.0,96.0,53.0,0.226,12.0,5.0,0.0,1.0,4.0,6.0,7.0,0.0,0.0,0.0,0.0,0.0,0.0,0.0,0.0,0.0
Zac Brittain,2B,N Hoerner,Nico Hoerner,1114.0,N,hitter,663538.0,CHC,158.0,28.0,1.0,8.0,41.0,61.0,69.0,22.0,8.0,0.0,0.0,0.0,0.0,0.0,0.0,0.0,67.0,49.0,0.265,13.0,1.0,0.0,0.0,0.0,5.0,6.0,0.0,1.0,0.0,0.0,0.0,0.0,0.0,0.0,0.0
Zac Brittain,3B,J Caminero,Junior Caminero,1490.0,N,hitter,691406.0,TB,162.0,24.0,1.0,41.0,78.0,94.0,97.0,3.0,4.0,0.0,0.0,0.0,0.0,0.0,0.0,0.0,127.0,44.0,0.25,11.0,3.0,0.0,4.0,8.0,8.0,7.0,0.0,1.0,0.0,0.0,0.0,0.0,0.0,0.0,0.0
Zac Brittain,3B,E Suarez,Eugenio Suárez,888.0,N,hitter,553993.0,CIN,87.0,17.0,0.0,24.0,51.0,46.0,69.0,1.0,7.0,0.0,0.0,0.0,0.0,0.0,0.0,0.0,106.0,37.0,0.243,9.0,1.0,0.0,3.0,6.0,8.0,7.0,1.0,1.0,0.0,0.0,0.0,0.0,0.0,0.0,0.0
Zac Brittain,SS,G Henderson,Gunnar Henderson,1221.0,N,hitter,683002.0,BAL,135.0,26.0,5.0,23.0,65.0,87.0,58.0,10.0,9.0,0.0,0.0,0.0,0.0,0.0,0.0,0.0,77.0,40.0,0.275,11.0,2.0,0.0,1.0,7.0,4.0,1.0,0.0,0.0,0.0,0.0,0.0,0.0,0.0,0.0,0.0
Zac Brittain,SS,B Witt Jr,Bobby Witt Jr.,1309.0,N,hitter,677951.0,KC,145.0,30.0,1.0,18.0,66.0,85.0,54.0,42.0,3.0,0.0,0.0,0.0,0.0,0.0,0.0,0.0,101.0,45.0,0.2,9.0,2.0,0.0,1.0,8.0,6.0,3.0,4.0,1.0,0.0,0.0,0.0,0.0,0.0,0.0,0.0
Zac Brittain,OF,A Judge,Aaron Judge,654.0,N,hitter,592450.0,NYY,57.0,10.0,0.0,18.0,43.0,45.0,41.0,5.0,2.0,0.0,0.0,0.0,0.0,0.0,0.0,0.0,32.0,23.0,0.174,4.0,0.0,0.0,1.0,1.0,2.0,3.0,0.0,0.0,0.0,0.0,0.0,0.0,0.0,0.0,0.0
Zac Brittain,OF,J Soto,Juan Soto,1029.0,N,hitter,665742.0,NYM,101.0,11.0,2.0,26.0,73.0,59.0,64.0,9.0,0.0,0.0,0.0,0.0,0.0,0.0,0.0,0.0,134.0,54.0,0.259,14.0,3.0,0.0,3.0,8.0,9.0,8.0,1.0,0.0,0.0,0.0,0.0,0.0,0.0,0.0,0.0
Zac Brittain,OF,M Trout,Mike Trout,1214.0,N,hitter,545361.0,LAA,117.0,25.0,0.0,21.0,99.0,82.0,53.0,11.0,10.0,0.0,0.0,0.0,0.0,0.0,0.0,0.0,108.0,45.0,0.244,11.0,4.0,0.0,1.0,10.0,7.0,3.0,0.0,2.0,0.0,0.0,0.0,0.0,0.0,0.0,0.0
Zac Brittain,OF,J Wood,James Wood,1438.0,N,hitter,695578.0,WSH,128.0,30.0,1.0,30.0,99.0,102.0,76.0,21.0,4.0,0.0,0.0,0.0,0.0,0.0,0.0,0.0,84.0,36.0,0.25,9.0,2.0,0.0,0.0,9.0,2.0,2.0,4.0,0.0,0.0,0.0,0.0,0.0,0.0,0.0,0.0
Zac Brittain,OF,R Anthony,Roman Anthony,360.0,N,hitter,701350.0,BOS,44.0,7.0,2.0,5.0,27.0,21.0,14.0,2.0,1.0,0.0,0.0,0.0,0.0,0.0,0.0,0.0,75.0,52.0,0.173,9.0,0.0,0.0,2.0,4.0,4.0,7.0,0.0,0.0,0.0,0.0,0.0,0.0,0.0,0.0,0.0
Zac Brittain,OF,F Tatis Jr,Fernando Tatis Jr.,1465.0,N,hitter,665487.0,SD,171.0,30.0,3.0,23.0,62.0,92.0,79.0,35.0,6.0,0.0,0.0,0.0,0.0,0.0,0.0,0.0,172.0,52.0,0.327,17.0,1.0,1.0,4.0,8.0,12.0,9.0,4.0,1.0,0.0,0.0,0.0,0.0,0.0,0.0,0.0
Zac Brittain,DH/Utility,S Ohtani,Shohei Ohtani,1956.0,Y,both,660271.0,,139.0,25.0,4.0,30.0,80.0,89.0,80.0,11.0,7.0,85.2,17.0,8.0,0.0,95.0,12.0,0.0,3.0,3.0,0.0,0.0,0.0,0.0,0.0,1.0,0.0,0.0,0.0,0.0,0.0,0.0,0.0,0.0,0.0,0.0,0.0
Zac Brittain,DH/Utility,Y Alvarez,Yordan Alvarez,1625.0,N,hitter,670541.0,HOU,167.0,32.0,1.0,40.0,105.0,98.0,99.0,1.0,10.0,0.0,0.0,0.0,0.0,0.0,0.0,0.0,98.0,34.0,0.235,8.0,3.0,0.0,3.0,8.0,5.0,5.0,0.0,0.0,0.0,0.0,0.0,0.0,0.0,0.0,0.0
Zac Brittain,SP,T Skubal,Tarik Skubal,952.0,N,pitcher,669373.0,LAD,0.0,0.0,0.0,0.0,0.0,0.0,0.0,0.0,0.0,146.2,44.0,10.0,0.0,173.0,15.0,0.0,89.0,0.0,0.0,0.0,0.0,0.0,0.0,0.0,0.0,0.0,0.0,0.0,14.1,2.0,1.26,2.0,0.0,14.0,0.0
Zac Brittain,SP,P Skenes,Paul Skenes,971.0,N,pitcher,694973.0,PIT,0.0,0.0,0.0,0.0,0.0,0.0,0.0,0.0,0.0,168.0,73.0,10.0,0.0,192.0,12.0,0.0,78.0,0.0,0.0,0.0,0.0,0.0,0.0,0.0,0.0,0.0,0.0,0.0,18.1,7.0,3.44,1.0,0.0,13.0,0.0
Zac Brittain,SP,C Sanchez,Cristopher Sánchez,1222.0,N,pitcher,650911.0,PHI,0.0,0.0,0.0,0.0,0.0,0.0,0.0,0.0,0.0,193.2,63.0,17.0,0.0,215.0,20.0,0.0,33.0,0.0,0.0,0.0,0.0,0.0,0.0,0.0,0.0,0.0,0.0,0.0,12.1,11.0,8.03,1.0,0.0,8.0,0.0
Zac Brittain,SP,C Sale,Chris Sale,1092.0,N,pitcher,519242.0,ATL,0.0,0.0,0.0,0.0,0.0,0.0,0.0,0.0,0.0,157.0,38.0,14.0,0.0,190.0,19.0,0.0,30.0,0.0,0.0,0.0,0.0,0.0,0.0,0.0,0.0,0.0,0.0,0.0,7.0,3.0,3.86,0.0,0.0,6.0,0.0
Zac Brittain,SP,L Webb,Logan Webb,778.0,Y,pitcher,657277.0,,0.0,0.0,0.0,0.0,0.0,0.0,0.0,0.0,0.0,160.2,77.0,8.0,0.0,134.0,17.0,0.0,57.0,0.0,0.0,0.0,0.0,0.0,0.0,0.0,0.0,0.0,0.0,0.0,11.0,7.0,5.73,0.0,0.0,15.0,0.0
Zac Brittain,SP,J DeGrom,Jacob deGrom,965.0,N,pitcher,594798.0,TEX,0.0,0.0,0.0,0.0,0.0,0.0,0.0,0.0,0.0,154.1,65.0,11.0,0.0,194.0,12.0,0.0,125.0,0.0,0.0,0.0,0.0,0.0,0.0,0.0,0.0,0.0,0.0,0.0,17.0,4.0,2.12,1.0,0.0,27.0,0.0
Zac Brittain,SP,E Perez,Eury Pérez,796.0,N,pitcher,691587.0,MIA,0.0,0.0,0.0,0.0,0.0,0.0,0.0,0.0,0.0,144.1,64.0,7.0,0.0,155.0,11.0,0.0,33.0,0.0,0.0,0.0,0.0,0.0,0.0,0.0,0.0,0.0,0.0,0.0,9.0,8.0,8.0,0.0,0.0,10.0,0.0
Zac Brittain,SP,J Ryan,Joe Ryan,753.0,N,pitcher,657746.0,MIN,0.0,0.0,0.0,0.0,0.0,0.0,0.0,0.0,0.0,133.2,57.0,6.0,0.0,146.0,11.0,0.0,30.0,0.0,0.0,0.0,0.0,0.0,0.0,0.0,0.0,0.0,0.0,0.0,8.0,6.0,6.75,0.0,0.0,8.0,0.0
Zac Brittain,RP,S Dominguez,Seranthony Domínguez,387.0,N,pitcher,622554.0,SEA,0.0,0.0,0.0,0.0,0.0,0.0,0.0,0.0,0.0,59.0,25.0,5.0,12.0,62.0,0.0,7.0,35.0,0.0,0.0,0.0,0.0,0.0,0.0,0.0,0.0,0.0,0.0,0.0,6.0,0.0,0.0,0.0,0.0,5.0,1.0
Zac Brittain,RP,R O'Brien,Riley O'Brien,487.0,N,pitcher,676617.0,STL,0.0,0.0,0.0,0.0,0.0,0.0,0.0,0.0,0.0,62.0,29.0,3.0,37.0,62.0,0.0,1.0,26.0,0.0,0.0,0.0,0.0,0.0,0.0,0.0,0.0,0.0,0.0,0.0,5.0,3.0,5.4,0.0,1.0,5.0,0.0
Zac Brittain,RP,A Uribe,Abner Uribe,404.0,N,pitcher,682842.0,MIL,0.0,0.0,0.0,0.0,0.0,0.0,0.0,0.0,0.0,56.1,13.0,5.0,6.0,59.0,0.0,21.0,43.0,0.0,0.0,0.0,0.0,0.0,0.0,0.0,0.0,0.0,0.0,0.0,6.0,2.0,3.0,1.0,0.0,8.0,1.0
Zac Brittain,RP,C Smith,Cade Smith,682.0,N,pitcher,671922.0,CLE,0.0,0.0,0.0,0.0,0.0,0.0,0.0,0.0,0.0,70.0,16.0,6.0,38.0,100.0,0.0,0.0,85.0,0.0,0.0,0.0,0.0,0.0,0.0,0.0,0.0,0.0,0.0,0.0,8.0,0.0,0.0,2.0,3.0,12.0,0.0
Brandon Zaikowski,C,C Raleigh,Cal Raleigh,868.0,N,hitter,663728.0,SEA,77.0,14.0,0.0,22.0,66.0,47.0,66.0,2.0,3.0,0.0,0.0,0.0,0.0,0.0,0.0,0.0,96.0,46.0,0.217,10.0,3.0,0.0,1.0,6.0,8.0,8.0,0.0,0.0,0.0,0.0,0.0,0.0,0.0,0.0,0.0
Brandon Zaikowski,C,H Goodman,Hunter Goodman,1179.0,N,hitter,696100.0,COL,119.0,19.0,2.0,38.0,44.0,80.0,81.0,5.0,5.0,0.0,0.0,0.0,0.0,0.0,0.0,0.0,73.0,35.0,0.171,6.0,1.0,1.0,2.0,2.0,5.0,7.0,0.0,1.0,0.0,0.0,0.0,0.0,0.0,0.0,0.0
Brandon Zaikowski,1B,P Alonso,Pete Alonso,1478.0,N,hitter,624413.0,BAL,154.0,24.0,0.0,38.0,78.0,92.0,105.0,5.0,10.0,0.0,0.0,0.0,0.0,0.0,0.0,0.0,135.0,45.0,0.267,12.0,0.0,0.0,5.0,9.0,6.0,11.0,0.0,1.0,0.0,0.0,0.0,0.0,0.0,0.0,0.0
Brandon Zaikowski,1B,V Guerrero Jr,Vladimir Guerrero Jr.,1008.0,N,hitter,665489.0,TOR,137.0,24.0,0.0,9.0,55.0,71.0,56.0,7.0,5.0,0.0,0.0,0.0,0.0,0.0,0.0,0.0,81.0,47.0,0.255,12.0,2.0,0.0,1.0,5.0,5.0,2.0,0.0,1.0,0.0,0.0,0.0,0.0,0.0,0.0,0.0
Brandon Zaikowski,2B,B Turang,Brice Turang,1417.0,N,hitter,668930.0,MIL,147.0,34.0,3.0,19.0,89.0,97.0,93.0,19.0,1.0,0.0,0.0,0.0,0.0,0.0,0.0,0.0,169.0,38.0,0.421,16.0,4.0,0.0,2.0,15.0,12.0,11.0,1.0,0.0,0.0,0.0,0.0,0.0,0.0,0.0,0.0
Brandon Zaikowski,2B,K Marte,Ketel Marte,1117.0,N,hitter,606466.0,AZ,132.0,29.0,3.0,22.0,47.0,71.0,74.0,4.0,6.0,0.0,0.0,0.0,0.0,0.0,0.0,0.0,96.0,53.0,0.226,12.0,5.0,0.0,1.0,4.0,6.0,7.0,0.0,0.0,0.0,0.0,0.0,0.0,0.0,0.0,0.0
Brandon Zaikowski,3B,J Caminero,Junior Caminero,1490.0,N,hitter,691406.0,TB,162.0,24.0,1.0,41.0,78.0,94.0,97.0,3.0,4.0,0.0,0.0,0.0,0.0,0.0,0.0,0.0,127.0,44.0,0.25,11.0,3.0,0.0,4.0,8.0,8.0,7.0,0.0,1.0,0.0,0.0,0.0,0.0,0.0,0.0,0.0
Brandon Zaikowski,3B,J Ramirez,José Ramírez,1019.0,N,hitter,608070.0,CLE,103.0,26.0,0.0,12.0,57.0,65.0,51.0,34.0,3.0,0.0,0.0,0.0,0.0,0.0,0.0,0.0,61.0,43.0,0.163,7.0,2.0,0.0,1.0,1.0,3.0,3.0,3.0,0.0,0.0,0.0,0.0,0.0,0.0,0.0,0.0
Brandon Zaikowski,SS,B Witt Jr,Bobby Witt Jr.,1309.0,N,hitter,677951.0,KC,145.0,30.0,1.0,18.0,66.0,85.0,54.0,42.0,3.0,0.0,0.0,0.0,0.0,0.0,0.0,0.0,101.0,45.0,0.2,9.0,2.0,0.0,1.0,8.0,6.0,3.0,4.0,1.0,0.0,0.0,0.0,0.0,0.0,0.0,0.0
Brandon Zaikowski,SS,E De La Cruz,Elly De La Cruz,1416.0,N,hitter,682829.0,CIN,152.0,29.0,5.0,28.0,66.0,96.0,74.0,27.0,2.0,0.0,0.0,0.0,0.0,0.0,0.0,0.0,204.0,48.0,0.396,19.0,5.0,0.0,7.0,7.0,12.0,13.0,3.0,0.0,0.0,0.0,0.0,0.0,0.0,0.0,0.0
Brandon Zaikowski,OF,A Judge,Aaron Judge,654.0,N,hitter,592450.0,NYY,57.0,10.0,0.0,18.0,43.0,45.0,41.0,5.0,2.0,0.0,0.0,0.0,0.0,0.0,0.0,0.0,32.0,23.0,0.174,4.0,0.0,0.0,1.0,1.0,2.0,3.0,0.0,0.0,0.0,0.0,0.0,0.0,0.0,0.0,0.0
Brandon Zaikowski,OF,Y Alvarez,Yordan Alvarez,1625.0,N,hitter,670541.0,HOU,167.0,32.0,1.0,40.0,105.0,98.0,99.0,1.0,10.0,0.0,0.0,0.0,0.0,0.0,0.0,0.0,98.0,34.0,0.235,8.0,3.0,0.0,3.0,8.0,5.0,5.0,0.0,0.0,0.0,0.0,0.0,0.0,0.0,0.0,0.0
Brandon Zaikowski,OF,R Acuna Jr,Ronald Acuña Jr.,954.0,N,hitter,660670.0,ATL,99.0,18.0,1.0,19.0,50.0,59.0,51.0,20.0,5.0,0.0,0.0,0.0,0.0,0.0,0.0,0.0,144.0,53.0,0.302,16.0,4.0,0.0,5.0,3.0,9.0,11.0,0.0,0.0,0.0,0.0,0.0,0.0,0.0,0.0,0.0
Brandon Zaikowski,OF,J Soto,Juan Soto,1029.0,N,hitter,665742.0,NYM,101.0,11.0,2.0,26.0,73.0,59.0,64.0,9.0,0.0,0.0,0.0,0.0,0.0,0.0,0.0,0.0,134.0,54.0,0.259,14.0,3.0,0.0,3.0,8.0,9.0,8.0,1.0,0.0,0.0,0.0,0.0,0.0,0.0,0.0,0.0
Brandon Zaikowski,OF,J Wood,James Wood,1438.0,N,hitter,695578.0,WSH,128.0,30.0,1.0,30.0,99.0,102.0,76.0,21.0,4.0,0.0,0.0,0.0,0.0,0.0,0.0,0.0,84.0,36.0,0.25,9.0,2.0,0.0,0.0,9.0,2.0,2.0,4.0,0.0,0.0,0.0,0.0,0.0,0.0,0.0,0.0
Brandon Zaikowski,OF,F Tatis Jr,Fernando Tatis Jr.,1465.0,N,hitter,665487.0,SD,171.0,30.0,3.0,23.0,62.0,92.0,79.0,35.0,6.0,0.0,0.0,0.0,0.0,0.0,0.0,0.0,172.0,52.0,0.327,17.0,1.0,1.0,4.0,8.0,12.0,9.0,4.0,1.0,0.0,0.0,0.0,0.0,0.0,0.0,0.0
Brandon Zaikowski,DH/Utility,N Kurtz,Nick Kurtz,1003.0,Y,hitter,701762.0,,90.0,15.0,1.0,21.0,79.0,62.0,69.0,7.0,3.0,0.0,0.0,0.0,0.0,0.0,0.0,0.0,0.0,0.0,0.0,0.0,0.0,0.0,0.0,0.0,0.0,0.0,0.0,0.0,0.0,0.0,0.0,0.0,0.0,0.0,0.0
Brandon Zaikowski,DH/Utility,S Ohtani,Shohei Ohtani,1956.0,Y,both,660271.0,,139.0,25.0,4.0,30.0,80.0,89.0,80.0,11.0,7.0,85.2,17.0,8.0,0.0,95.0,12.0,0.0,3.0,3.0,0.0,0.0,0.0,0.0,0.0,1.0,0.0,0.0,0.0,0.0,0.0,0.0,0.0,0.0,0.0,0.0,0.0
Brandon Zaikowski,SP,G Crochet,Garrett Crochet,168.0,Y,pitcher,676979.0,,0.0,0.0,0.0,0.0,0.0,0.0,0.0,0.0,0.0,30.0,21.0,3.0,0.0,37.0,3.0,0.0,0.0,0.0,0.0,0.0,0.0,0.0,0.0,0.0,0.0,0.0,0.0,0.0,0.0,0.0,0.0,0.0,0.0,0.0,0.0
Brandon Zaikowski,SP,T Skubal,Tarik Skubal,952.0,N,pitcher,669373.0,LAD,0.0,0.0,0.0,0.0,0.0,0.0,0.0,0.0,0.0,146.2,44.0,10.0,0.0,173.0,15.0,0.0,89.0,0.0,0.0,0.0,0.0,0.0,0.0,0.0,0.0,0.0,0.0,0.0,14.1,2.0,1.26,2.0,0.0,14.0,0.0
Brandon Zaikowski,SP,J Ryan,Joe Ryan,753.0,N,pitcher,657746.0,MIN,0.0,0.0,0.0,0.0,0.0,0.0,0.0,0.0,0.0,133.2,57.0,6.0,0.0,146.0,11.0,0.0,30.0,0.0,0.0,0.0,0.0,0.0,0.0,0.0,0.0,0.0,0.0,0.0,8.0,6.0,6.75,0.0,0.0,8.0,0.0
Brandon Zaikowski,SP,M Gore,MacKenzie Gore,840.0,N,pitcher,669022.0,TEX,0.0,0.0,0.0,0.0,0.0,0.0,0.0,0.0,0.0,165.2,86.0,8.0,0.0,172.0,9.0,0.0,6.0,0.0,0.0,0.0,0.0,0.0,0.0,0.0,0.0,0.0,0.0,0.0,11.0,12.0,9.82,0.0,0.0,3.0,0.0
Brandon Zaikowski,SP,C Sanchez,Cristopher Sánchez,1222.0,N,pitcher,650911.0,PHI,0.0,0.0,0.0,0.0,0.0,0.0,0.0,0.0,0.0,193.2,63.0,17.0,0.0,215.0,20.0,0.0,33.0,0.0,0.0,0.0,0.0,0.0,0.0,0.0,0.0,0.0,0.0,0.0,12.1,11.0,8.03,1.0,0.0,8.0,0.0
Brandon Zaikowski,SP,P Skenes,Paul Skenes,971.0,N,pitcher,694973.0,PIT,0.0,0.0,0.0,0.0,0.0,0.0,0.0,0.0,0.0,168.0,73.0,10.0,0.0,192.0,12.0,0.0,78.0,0.0,0.0,0.0,0.0,0.0,0.0,0.0,0.0,0.0,0.0,0.0,18.1,7.0,3.44,1.0,0.0,13.0,0.0
Brandon Zaikowski,SP,L Webb,Logan Webb,778.0,Y,pitcher,657277.0,,0.0,0.0,0.0,0.0,0.0,0.0,0.0,0.0,0.0,160.2,77.0,8.0,0.0,134.0,17.0,0.0,57.0,0.0,0.0,0.0,0.0,0.0,0.0,0.0,0.0,0.0,0.0,0.0,11.0,7.0,5.73,0.0,0.0,15.0,0.0
Brandon Zaikowski,SP,S Alcantara,Sandy Alcantara,976.0,N,pitcher,645261.0,MIA,0.0,0.0,0.0,0.0,0.0,0.0,0.0,0.0,0.0,206.0,88.0,13.0,1.0,149.0,21.0,0.0,24.0,0.0,0.0,0.0,0.0,0.0,0.0,0.0,0.0,0.0,0.0,0.0,10.1,11.0,9.58,0.0,1.0,7.0,0.0
Brandon Zaikowski,RP,S Dominguez,Seranthony Domínguez,387.0,N,pitcher,622554.0,SEA,0.0,0.0,0.0,0.0,0.0,0.0,0.0,0.0,0.0,59.0,25.0,5.0,12.0,62.0,0.0,7.0,35.0,0.0,0.0,0.0,0.0,0.0,0.0,0.0,0.0,0.0,0.0,0.0,6.0,0.0,0.0,0.0,0.0,5.0,1.0
Brandon Zaikowski,RP,R Detmers,Reid Detmers,1029.0,N,pitcher,672282.0,LAA,0.0,0.0,0.0,0.0,0.0,0.0,0.0,0.0,0.0,174.0,65.0,6.0,0.0,199.0,15.0,0.0,88.0,0.0,0.0,0.0,0.0,0.0,0.0,0.0,0.0,0.0,0.0,0.0,12.0,3.0,2.25,2.0,0.0,17.0,0.0
Brandon Zaikowski,RP,Jo Romero,JoJo Romero,291.0,N,pitcher,668941.0,MIL,0.0,0.0,0.0,0.0,0.0,0.0,0.0,0.0,0.0,51.2,21.0,2.0,0.0,49.0,0.0,21.0,21.0,0.0,0.0,0.0,0.0,0.0,0.0,0.0,0.0,0.0,0.0,0.0,7.0,5.0,6.43,0.0,0.0,5.0,0.0
Brandon Zaikowski,RP,D Palencia,Daniel Palencia,145.0,N,pitcher,694037.0,CHC,0.0,0.0,0.0,0.0,0.0,0.0,0.0,0.0,0.0,25.1,12.0,2.0,3.0,26.0,0.0,1.0,21.0,0.0,0.0,0.0,0.0,0.0,0.0,0.0,0.0,0.0,0.0,0.0,4.1,0.0,0.0,0.0,0.0,2.0,1.0
Ben Fowler,C,C Raleigh,Cal Raleigh,868.0,N,hitter,663728.0,SEA,77.0,14.0,0.0,22.0,66.0,47.0,66.0,2.0,3.0,0.0,0.0,0.0,0.0,0.0,0.0,0.0,96.0,46.0,0.217,10.0,3.0,0.0,1.0,6.0,8.0,8.0,0.0,0.0,0.0,0.0,0.0,0.0,0.0,0.0,0.0
Ben Fowler,C,H Goodman,Hunter Goodman,1179.0,N,hitter,696100.0,COL,119.0,19.0,2.0,38.0,44.0,80.0,81.0,5.0,5.0,0.0,0.0,0.0,0.0,0.0,0.0,0.0,73.0,35.0,0.171,6.0,1.0,1.0,2.0,2.0,5.0,7.0,0.0,1.0,0.0,0.0,0.0,0.0,0.0,0.0,0.0
Ben Fowler,1B,V Guerrero Jr,Vladimir Guerrero Jr.,1008.0,N,hitter,665489.0,TOR,137.0,24.0,0.0,9.0,55.0,71.0,56.0,7.0,5.0,0.0,0.0,0.0,0.0,0.0,0.0,0.0,81.0,47.0,0.255,12.0,2.0,0.0,1.0,5.0,5.0,2.0,0.0,1.0,0.0,0.0,0.0,0.0,0.0,0.0,0.0
Ben Fowler,1B,N Kurtz,Nick Kurtz,1003.0,Y,hitter,701762.0,,90.0,15.0,1.0,21.0,79.0,62.0,69.0,7.0,3.0,0.0,0.0,0.0,0.0,0.0,0.0,0.0,0.0,0.0,0.0,0.0,0.0,0.0,0.0,0.0,0.0,0.0,0.0,0.0,0.0,0.0,0.0,0.0,0.0,0.0,0.0
Ben Fowler,2B,B Turang,Brice Turang,1417.0,N,hitter,668930.0,MIL,147.0,34.0,3.0,19.0,89.0,97.0,93.0,19.0,1.0,0.0,0.0,0.0,0.0,0.0,0.0,0.0,169.0,38.0,0.421,16.0,4.0,0.0,2.0,15.0,12.0,11.0,1.0,0.0,0.0,0.0,0.0,0.0,0.0,0.0,0.0
Ben Fowler,2B,K Marte,Ketel Marte,1117.0,N,hitter,606466.0,AZ,132.0,29.0,3.0,22.0,47.0,71.0,74.0,4.0,6.0,0.0,0.0,0.0,0.0,0.0,0.0,0.0,96.0,53.0,0.226,12.0,5.0,0.0,1.0,4.0,6.0,7.0,0.0,0.0,0.0,0.0,0.0,0.0,0.0,0.0,0.0
Ben Fowler,3B,J Ramirez,José Ramírez,1019.0,N,hitter,608070.0,CLE,103.0,26.0,0.0,12.0,57.0,65.0,51.0,34.0,3.0,0.0,0.0,0.0,0.0,0.0,0.0,0.0,61.0,43.0,0.163,7.0,2.0,0.0,1.0,1.0,3.0,3.0,3.0,0.0,0.0,0.0,0.0,0.0,0.0,0.0,0.0
Ben Fowler,3B,A Bregman,Alex Bregman,1375.0,N,hitter,608324.0,CHC,156.0,32.0,2.0,26.0,73.0,88.0,88.0,3.0,12.0,0.0,0.0,0.0,0.0,0.0,0.0,0.0,115.0,41.0,0.268,11.0,4.0,1.0,2.0,6.0,5.0,7.0,0.0,3.0,0.0,0.0,0.0,0.0,0.0,0.0,0.0
Ben Fowler,SS,G Henderson,Gunnar Henderson,1221.0,N,hitter,683002.0,BAL,135.0,26.0,5.0,23.0,65.0,87.0,58.0,10.0,9.0,0.0,0.0,0.0,0.0,0.0,0.0,0.0,77.0,40.0,0.275,11.0,2.0,0.0,1.0,7.0,4.0,1.0,0.0,0.0,0.0,0.0,0.0,0.0,0.0,0.0,0.0
Ben Fowler,SS,B Witt Jr,Bobby Witt Jr.,1309.0,N,hitter,677951.0,KC,145.0,30.0,1.0,18.0,66.0,85.0,54.0,42.0,3.0,0.0,0.0,0.0,0.0,0.0,0.0,0.0,101.0,45.0,0.2,9.0,2.0,0.0,1.0,8.0,6.0,3.0,4.0,1.0,0.0,0.0,0.0,0.0,0.0,0.0,0.0
Ben Fowler,OF,A Judge,Aaron Judge,654.0,N,hitter,592450.0,NYY,57.0,10.0,0.0,18.0,43.0,45.0,41.0,5.0,2.0,0.0,0.0,0.0,0.0,0.0,0.0,0.0,32.0,23.0,0.174,4.0,0.0,0.0,1.0,1.0,2.0,3.0,0.0,0.0,0.0,0.0,0.0,0.0,0.0,0.0,0.0
Ben Fowler,OF,B Nimmo,Brandon Nimmo,1102.0,N,hitter,607043.0,TEX,147.0,34.0,4.0,14.0,50.0,60.0,61.0,7.0,7.0,0.0,0.0,0.0,0.0,0.0,0.0,0.0,62.0,48.0,0.188,9.0,3.0,0.0,0.0,4.0,4.0,3.0,0.0,0.0,0.0,0.0,0.0,0.0,0.0,0.0,0.0
Ben Fowler,OF,R Acuna Jr,Ronald Acuña Jr.,954.0,N,hitter,660670.0,ATL,99.0,18.0,1.0,19.0,50.0,59.0,51.0,20.0,5.0,0.0,0.0,0.0,0.0,0.0,0.0,0.0,144.0,53.0,0.302,16.0,4.0,0.0,5.0,3.0,9.0,11.0,0.0,0.0,0.0,0.0,0.0,0.0,0.0,0.0,0.0
Ben Fowler,OF,J Soto,Juan Soto,1029.0,N,hitter,665742.0,NYM,101.0,11.0,2.0,26.0,73.0,59.0,64.0,9.0,0.0,0.0,0.0,0.0,0.0,0.0,0.0,0.0,134.0,54.0,0.259,14.0,3.0,0.0,3.0,8.0,9.0,8.0,1.0,0.0,0.0,0.0,0.0,0.0,0.0,0.0,0.0
Ben Fowler,OF,J Wood,James Wood,1438.0,N,hitter,695578.0,WSH,128.0,30.0,1.0,30.0,99.0,102.0,76.0,21.0,4.0,0.0,0.0,0.0,0.0,0.0,0.0,0.0,84.0,36.0,0.25,9.0,2.0,0.0,0.0,9.0,2.0,2.0,4.0,0.0,0.0,0.0,0.0,0.0,0.0,0.0,0.0
Ben Fowler,OF,F Tatis Jr,Fernando Tatis Jr.,1465.0,N,hitter,665487.0,SD,171.0,30.0,3.0,23.0,62.0,92.0,79.0,35.0,6.0,0.0,0.0,0.0,0.0,0.0,0.0,0.0,172.0,52.0,0.327,17.0,1.0,1.0,4.0,8.0,12.0,9.0,4.0,1.0,0.0,0.0,0.0,0.0,0.0,0.0,0.0
Ben Fowler,DH/Utility,E De La Cruz,Elly De La Cruz,1416.0,N,hitter,682829.0,CIN,152.0,29.0,5.0,28.0,66.0,96.0,74.0,27.0,2.0,0.0,0.0,0.0,0.0,0.0,0.0,0.0,204.0,48.0,0.396,19.0,5.0,0.0,7.0,7.0,12.0,13.0,3.0,0.0,0.0,0.0,0.0,0.0,0.0,0.0,0.0
Ben Fowler,DH/Utility,S Ohtani,Shohei Ohtani,1956.0,Y,both,660271.0,,139.0,25.0,4.0,30.0,80.0,89.0,80.0,11.0,7.0,85.2,17.0,8.0,0.0,95.0,12.0,0.0,3.0,3.0,0.0,0.0,0.0,0.0,0.0,1.0,0.0,0.0,0.0,0.0,0.0,0.0,0.0,0.0,0.0,0.0,0.0
Ben Fowler,SP,G Crochet,Garrett Crochet,168.0,Y,pitcher,676979.0,,0.0,0.0,0.0,0.0,0.0,0.0,0.0,0.0,0.0,30.0,21.0,3.0,0.0,37.0,3.0,0.0,0.0,0.0,0.0,0.0,0.0,0.0,0.0,0.0,0.0,0.0,0.0,0.0,0.0,0.0,0.0,0.0,0.0,0.0,0.0
Ben Fowler,SP,T Skubal,Tarik Skubal,952.0,N,pitcher,669373.0,LAD,0.0,0.0,0.0,0.0,0.0,0.0,0.0,0.0,0.0,146.2,44.0,10.0,0.0,173.0,15.0,0.0,89.0,0.0,0.0,0.0,0.0,0.0,0.0,0.0,0.0,0.0,0.0,0.0,14.1,2.0,1.26,2.0,0.0,14.0,0.0
Ben Fowler,SP,J Ryan,Joe Ryan,753.0,N,pitcher,657746.0,MIN,0.0,0.0,0.0,0.0,0.0,0.0,0.0,0.0,0.0,133.2,57.0,6.0,0.0,146.0,11.0,0.0,30.0,0.0,0.0,0.0,0.0,0.0,0.0,0.0,0.0,0.0,0.0,0.0,8.0,6.0,6.75,0.0,0.0,8.0,0.0
Ben Fowler,SP,H Brown,Hunter Brown,575.0,N,pitcher,686613.0,HOU,0.0,0.0,0.0,0.0,0.0,0.0,0.0,0.0,0.0,97.0,37.0,6.0,0.0,110.0,7.0,0.0,71.0,0.0,0.0,0.0,0.0,0.0,0.0,0.0,0.0,0.0,0.0,0.0,10.0,5.0,4.5,1.0,0.0,17.0,0.0
Ben Fowler,SP,E Perez,Eury Pérez,796.0,N,pitcher,691587.0,MIA,0.0,0.0,0.0,0.0,0.0,0.0,0.0,0.0,0.0,144.1,64.0,7.0,0.0,155.0,11.0,0.0,33.0,0.0,0.0,0.0,0.0,0.0,0.0,0.0,0.0,0.0,0.0,0.0,9.0,8.0,8.0,0.0,0.0,10.0,0.0
Ben Fowler,SP,C Sanchez,Cristopher Sánchez,1222.0,N,pitcher,650911.0,PHI,0.0,0.0,0.0,0.0,0.0,0.0,0.0,0.0,0.0,193.2,63.0,17.0,0.0,215.0,20.0,0.0,33.0,0.0,0.0,0.0,0.0,0.0,0.0,0.0,0.0,0.0,0.0,0.0,12.1,11.0,8.03,1.0,0.0,8.0,0.0
Ben Fowler,SP,P Skenes,Paul Skenes,971.0,N,pitcher,694973.0,PIT,0.0,0.0,0.0,0.0,0.0,0.0,0.0,0.0,0.0,168.0,73.0,10.0,0.0,192.0,12.0,0.0,78.0,0.0,0.0,0.0,0.0,0.0,0.0,0.0,0.0,0.0,0.0,0.0,18.1,7.0,3.44,1.0,0.0,13.0,0.0
Ben Fowler,SP,L Webb,Logan Webb,778.0,Y,pitcher,657277.0,,0.0,0.0,0.0,0.0,0.0,0.0,0.0,0.0,0.0,160.2,77.0,8.0,0.0,134.0,17.0,0.0,57.0,0.0,0.0,0.0,0.0,0.0,0.0,0.0,0.0,0.0,0.0,0.0,11.0,7.0,5.73,0.0,0.0,15.0,0.0
Ben Fowler,RP,N Martinez,Nick Martinez,799.0,N,pitcher,607259.0,TB,0.0,0.0,0.0,0.0,0.0,0.0,0.0,0.0,0.0,171.1,56.0,15.0,0.0,101.0,15.0,0.0,51.0,0.0,0.0,0.0,0.0,0.0,0.0,0.0,0.0,0.0,0.0,0.0,11.1,2.0,1.59,1.0,0.0,6.0,0.0
Ben Fowler,RP,G Taylor,Grant Taylor,588.0,N,pitcher,691799.0,CWS,0.0,0.0,0.0,0.0,0.0,0.0,0.0,0.0,0.0,80.2,21.0,7.0,9.0,103.0,0.0,10.0,43.0,0.0,0.0,0.0,0.0,0.0,0.0,0.0,0.0,0.0,0.0,0.0,7.2,4.0,4.7,0.0,1.0,9.0,0.0
Ben Fowler,RP,R Detmers,Reid Detmers,1029.0,N,pitcher,672282.0,LAA,0.0,0.0,0.0,0.0,0.0,0.0,0.0,0.0,0.0,174.0,65.0,6.0,0.0,199.0,15.0,0.0,88.0,0.0,0.0,0.0,0.0,0.0,0.0,0.0,0.0,0.0,0.0,0.0,12.0,3.0,2.25,2.0,0.0,17.0,0.0
Ben Fowler,RP,K Leahy,Kyle Leahy,713.0,N,pitcher,681517.0,STL,0.0,0.0,0.0,0.0,0.0,0.0,0.0,0.0,0.0,138.0,56.0,10.0,0.0,129.0,6.0,0.0,26.0,0.0,0.0,0.0,0.0,0.0,0.0,0.0,0.0,0.0,0.0,0.0,8.2,11.0,11.42,0.0,0.0,11.0,0.0
Trevor Maslowski,C,S Langeliers,Shea Langeliers,876.0,N,hitter,669127.0,ATH,103.0,19.0,0.0,23.0,34.0,55.0,55.0,3.0,5.0,0.0,0.0,0.0,0.0,0.0,0.0,0.0,24.0,16.0,0.25,4.0,0.0,0.0,0.0,0.0,0.0,4.0,1.0,0.0,0.0,0.0,0.0,0.0,0.0,0.0,0.0
Trevor Maslowski,C,C Raleigh,Cal Raleigh,868.0,N,hitter,663728.0,SEA,77.0,14.0,0.0,22.0,66.0,47.0,66.0,2.0,3.0,0.0,0.0,0.0,0.0,0.0,0.0,0.0,96.0,46.0,0.217,10.0,3.0,0.0,1.0,6.0,8.0,8.0,0.0,0.0,0.0,0.0,0.0,0.0,0.0,0.0,0.0
Trevor Maslowski,1B,P Alonso,Pete Alonso,1478.0,N,hitter,624413.0,BAL,154.0,24.0,0.0,38.0,78.0,92.0,105.0,5.0,10.0,0.0,0.0,0.0,0.0,0.0,0.0,0.0,135.0,45.0,0.267,12.0,0.0,0.0,5.0,9.0,6.0,11.0,0.0,1.0,0.0,0.0,0.0,0.0,0.0,0.0,0.0
Trevor Maslowski,1B,V Guerrero Jr,Vladimir Guerrero Jr.,1008.0,N,hitter,665489.0,TOR,137.0,24.0,0.0,9.0,55.0,71.0,56.0,7.0,5.0,0.0,0.0,0.0,0.0,0.0,0.0,0.0,81.0,47.0,0.255,12.0,2.0,0.0,1.0,5.0,5.0,2.0,0.0,1.0,0.0,0.0,0.0,0.0,0.0,0.0,0.0
Trevor Maslowski,2B,O Lopez,Otto Lopez,1337.0,N,hitter,672640.0,MIA,184.0,32.0,9.0,10.0,36.0,90.0,69.0,31.0,8.0,0.0,0.0,0.0,0.0,0.0,0.0,0.0,130.0,46.0,0.391,18.0,2.0,1.0,0.0,5.0,8.0,7.0,2.0,4.0,0.0,0.0,0.0,0.0,0.0,0.0,0.0
Trevor Maslowski,2B,B Turang,Brice Turang,1417.0,N,hitter,668930.0,MIL,147.0,34.0,3.0,19.0,89.0,97.0,93.0,19.0,1.0,0.0,0.0,0.0,0.0,0.0,0.0,0.0,169.0,38.0,0.421,16.0,4.0,0.0,2.0,15.0,12.0,11.0,1.0,0.0,0.0,0.0,0.0,0.0,0.0,0.0,0.0
Trevor Maslowski,3B,J Caminero,Junior Caminero,1490.0,N,hitter,691406.0,TB,162.0,24.0,1.0,41.0,78.0,94.0,97.0,3.0,4.0,0.0,0.0,0.0,0.0,0.0,0.0,0.0,127.0,44.0,0.25,11.0,3.0,0.0,4.0,8.0,8.0,7.0,0.0,1.0,0.0,0.0,0.0,0.0,0.0,0.0,0.0
Trevor Maslowski,3B,J Ramirez,José Ramírez,1019.0,N,hitter,608070.0,CLE,103.0,26.0,0.0,12.0,57.0,65.0,51.0,34.0,3.0,0.0,0.0,0.0,0.0,0.0,0.0,0.0,61.0,43.0,0.163,7.0,2.0,0.0,1.0,1.0,3.0,3.0,3.0,0.0,0.0,0.0,0.0,0.0,0.0,0.0,0.0
Trevor Maslowski,SS,C Montgomery,Colson Montgomery,1136.0,N,hitter,695657.0,CWS,111.0,24.0,0.0,31.0,52.0,69.0,87.0,1.0,14.0,0.0,0.0,0.0,0.0,0.0,0.0,0.0,69.0,38.0,0.105,4.0,2.0,0.0,1.0,5.0,4.0,6.0,0.0,3.0,0.0,0.0,0.0,0.0,0.0,0.0,0.0
Trevor Maslowski,SS,B Witt Jr,Bobby Witt Jr.,1309.0,N,hitter,677951.0,KC,145.0,30.0,1.0,18.0,66.0,85.0,54.0,42.0,3.0,0.0,0.0,0.0,0.0,0.0,0.0,0.0,101.0,45.0,0.2,9.0,2.0,0.0,1.0,8.0,6.0,3.0,4.0,1.0,0.0,0.0,0.0,0.0,0.0,0.0,0.0
Trevor Maslowski,OF,R Anthony,Roman Anthony,360.0,N,hitter,701350.0,BOS,44.0,7.0,2.0,5.0,27.0,21.0,14.0,2.0,1.0,0.0,0.0,0.0,0.0,0.0,0.0,0.0,75.0,52.0,0.173,9.0,0.0,0.0,2.0,4.0,4.0,7.0,0.0,0.0,0.0,0.0,0.0,0.0,0.0,0.0,0.0
Trevor Maslowski,OF,A Judge,Aaron Judge,654.0,N,hitter,592450.0,NYY,57.0,10.0,0.0,18.0,43.0,45.0,41.0,5.0,2.0,0.0,0.0,0.0,0.0,0.0,0.0,0.0,32.0,23.0,0.174,4.0,0.0,0.0,1.0,1.0,2.0,3.0,0.0,0.0,0.0,0.0,0.0,0.0,0.0,0.0,0.0
Trevor Maslowski,OF,Y Alvarez,Yordan Alvarez,1625.0,N,hitter,670541.0,HOU,167.0,32.0,1.0,40.0,105.0,98.0,99.0,1.0,10.0,0.0,0.0,0.0,0.0,0.0,0.0,0.0,98.0,34.0,0.235,8.0,3.0,0.0,3.0,8.0,5.0,5.0,0.0,0.0,0.0,0.0,0.0,0.0,0.0,0.0,0.0
Trevor Maslowski,OF,R Acuna Jr,Ronald Acuña Jr.,954.0,N,hitter,660670.0,ATL,99.0,18.0,1.0,19.0,50.0,59.0,51.0,20.0,5.0,0.0,0.0,0.0,0.0,0.0,0.0,0.0,144.0,53.0,0.302,16.0,4.0,0.0,5.0,3.0,9.0,11.0,0.0,0.0,0.0,0.0,0.0,0.0,0.0,0.0,0.0
Trevor Maslowski,OF,J Soto,Juan Soto,1029.0,N,hitter,665742.0,NYM,101.0,11.0,2.0,26.0,73.0,59.0,64.0,9.0,0.0,0.0,0.0,0.0,0.0,0.0,0.0,0.0,134.0,54.0,0.259,14.0,3.0,0.0,3.0,8.0,9.0,8.0,1.0,0.0,0.0,0.0,0.0,0.0,0.0,0.0,0.0
Trevor Maslowski,OF,J Wood,James Wood,1438.0,N,hitter,695578.0,WSH,128.0,30.0,1.0,30.0,99.0,102.0,76.0,21.0,4.0,0.0,0.0,0.0,0.0,0.0,0.0,0.0,84.0,36.0,0.25,9.0,2.0,0.0,0.0,9.0,2.0,2.0,4.0,0.0,0.0,0.0,0.0,0.0,0.0,0.0,0.0
Trevor Maslowski,DH/Utility,Z Neto,Zach Neto,1368.0,N,hitter,687263.0,LAA,142.0,29.0,5.0,26.0,61.0,97.0,74.0,21.0,13.0,0.0,0.0,0.0,0.0,0.0,0.0,0.0,146.0,49.0,0.306,15.0,1.0,1.0,3.0,6.0,9.0,8.0,2.0,4.0,0.0,0.0,0.0,0.0,0.0,0.0,0.0
Trevor Maslowski,DH/Utility,S Ohtani,Shohei Ohtani,1956.0,Y,both,660271.0,,139.0,25.0,4.0,30.0,80.0,89.0,80.0,11.0,7.0,85.2,17.0,8.0,0.0,95.0,12.0,0.0,3.0,3.0,0.0,0.0,0.0,0.0,0.0,1.0,0.0,0.0,0.0,0.0,0.0,0.0,0.0,0.0,0.0,0.0,0.0
Trevor Maslowski,SP,T Skubal,Tarik Skubal,952.0,N,pitcher,669373.0,LAD,0.0,0.0,0.0,0.0,0.0,0.0,0.0,0.0,0.0,146.2,44.0,10.0,0.0,173.0,15.0,0.0,89.0,0.0,0.0,0.0,0.0,0.0,0.0,0.0,0.0,0.0,0.0,0.0,14.1,2.0,1.26,2.0,0.0,14.0,0.0
Trevor Maslowski,SP,J Ryan,Joe Ryan,753.0,N,pitcher,657746.0,MIN,0.0,0.0,0.0,0.0,0.0,0.0,0.0,0.0,0.0,133.2,57.0,6.0,0.0,146.0,11.0,0.0,30.0,0.0,0.0,0.0,0.0,0.0,0.0,0.0,0.0,0.0,0.0,0.0,8.0,6.0,6.75,0.0,0.0,8.0,0.0
Trevor Maslowski,SP,J DeGrom,Jacob deGrom,965.0,N,pitcher,594798.0,TEX,0.0,0.0,0.0,0.0,0.0,0.0,0.0,0.0,0.0,154.1,65.0,11.0,0.0,194.0,12.0,0.0,125.0,0.0,0.0,0.0,0.0,0.0,0.0,0.0,0.0,0.0,0.0,0.0,17.0,4.0,2.12,1.0,0.0,27.0,0.0
Trevor Maslowski,SP,S Imanaga,Shota Imanaga,909.0,N,pitcher,684007.0,CHC,0.0,0.0,0.0,0.0,0.0,0.0,0.0,0.0,0.0,168.1,71.0,11.0,0.0,164.0,14.0,0.0,73.0,0.0,0.0,0.0,0.0,0.0,0.0,0.0,0.0,0.0,0.0,0.0,12.0,3.0,2.25,2.0,0.0,12.0,0.0
Trevor Maslowski,SP,C Burns,Chase Burns,1001.0,N,pitcher,695505.0,CIN,0.0,0.0,0.0,0.0,0.0,0.0,0.0,0.0,0.0,154.1,49.0,15.0,0.0,185.0,11.0,0.0,57.0,0.0,0.0,0.0,0.0,0.0,0.0,0.0,0.0,0.0,0.0,0.0,9.0,4.0,4.0,0.0,0.0,14.0,0.0
Trevor Maslowski,SP,P Skenes,Paul Skenes,971.0,N,pitcher,694973.0,PIT,0.0,0.0,0.0,0.0,0.0,0.0,0.0,0.0,0.0,168.0,73.0,10.0,0.0,192.0,12.0,0.0,78.0,0.0,0.0,0.0,0.0,0.0,0.0,0.0,0.0,0.0,0.0,0.0,18.1,7.0,3.44,1.0,0.0,13.0,0.0
Trevor Maslowski,SP,Z Gallen,Zac Gallen,322.0,N,pitcher,668678.0,AZ,0.0,0.0,0.0,0.0,0.0,0.0,0.0,0.0,0.0,104.1,71.0,3.0,0.0,64.0,3.0,0.0,22.0,0.0,0.0,0.0,0.0,0.0,0.0,0.0,0.0,0.0,0.0,0.0,6.1,2.0,2.84,0.0,0.0,3.0,0.0
Trevor Maslowski,SP,K Freeland,Kyle Freeland,464.0,N,pitcher,607536.0,COL,0.0,0.0,0.0,0.0,0.0,0.0,0.0,0.0,0.0,128.1,91.0,4.0,0.0,104.0,4.0,0.0,6.0,0.0,0.0,0.0,0.0,0.0,0.0,0.0,0.0,0.0,0.0,0.0,4.0,3.0,6.75,0.0,0.0,1.0,0.0
Trevor Maslowski,RP,Jo Duran,Jhoan Duran,543.0,N,pitcher,661395.0,PHI,0.0,0.0,0.0,0.0,0.0,0.0,0.0,0.0,0.0,56.1,11.0,2.0,32.0,79.0,0.0,0.0,57.0,0.0,0.0,0.0,0.0,0.0,0.0,0.0,0.0,0.0,0.0,0.0,6.0,2.0,3.0,0.0,3.0,10.0,0.0
Trevor Maslowski,RP,Jo Romero,JoJo Romero,291.0,N,pitcher,668941.0,MIL,0.0,0.0,0.0,0.0,0.0,0.0,0.0,0.0,0.0,51.2,21.0,2.0,0.0,49.0,0.0,21.0,21.0,0.0,0.0,0.0,0.0,0.0,0.0,0.0,0.0,0.0,0.0,0.0,7.0,5.0,6.43,0.0,0.0,5.0,0.0
Trevor Maslowski,RP,M Miller,Mason Miller,736.0,N,pitcher,695243.0,SD,0.0,0.0,0.0,0.0,0.0,0.0,0.0,0.0,0.0,64.1,8.0,5.0,37.0,119.0,0.0,0.0,73.0,0.0,0.0,0.0,0.0,0.0,0.0,0.0,0.0,0.0,0.0,0.0,5.0,0.0,0.0,0.0,5.0,11.0,0.0
Trevor Maslowski,RP,R Walker,Ryan Walker,114.0,Y,pitcher,676254.0,,0.0,0.0,0.0,0.0,0.0,0.0,0.0,0.0,0.0,32.2,26.0,0.0,3.0,23.0,0.0,5.0,0.0,0.0,0.0,0.0,0.0,0.0,0.0,0.0,0.0,0.0,0.0,0.0,0.0,0.0,0.0,0.0,0.0,0.0,0.0
Steve Richards,C,C Raleigh,Cal Raleigh,868.0,N,hitter,663728.0,SEA,77.0,14.0,0.0,22.0,66.0,47.0,66.0,2.0,3.0,0.0,0.0,0.0,0.0,0.0,0.0,0.0,96.0,46.0,0.217,10.0,3.0,0.0,1.0,6.0,8.0,8.0,0.0,0.0,0.0,0.0,0.0,0.0,0.0,0.0,0.0
Steve Richards,C,H Goodman,Hunter Goodman,1179.0,N,hitter,696100.0,COL,119.0,19.0,2.0,38.0,44.0,80.0,81.0,5.0,5.0,0.0,0.0,0.0,0.0,0.0,0.0,0.0,73.0,35.0,0.171,6.0,1.0,1.0,2.0,2.0,5.0,7.0,0.0,1.0,0.0,0.0,0.0,0.0,0.0,0.0,0.0
Steve Richards,1B,P Alonso,Pete Alonso,1478.0,N,hitter,624413.0,BAL,154.0,24.0,0.0,38.0,78.0,92.0,105.0,5.0,10.0,0.0,0.0,0.0,0.0,0.0,0.0,0.0,135.0,45.0,0.267,12.0,0.0,0.0,5.0,9.0,6.0,11.0,0.0,1.0,0.0,0.0,0.0,0.0,0.0,0.0,0.0
Steve Richards,1B,V Guerrero Jr,Vladimir Guerrero Jr.,1008.0,N,hitter,665489.0,TOR,137.0,24.0,0.0,9.0,55.0,71.0,56.0,7.0,5.0,0.0,0.0,0.0,0.0,0.0,0.0,0.0,81.0,47.0,0.255,12.0,2.0,0.0,1.0,5.0,5.0,2.0,0.0,1.0,0.0,0.0,0.0,0.0,0.0,0.0,0.0
Steve Richards,2B,B Turang,Brice Turang,1417.0,N,hitter,668930.0,MIL,147.0,34.0,3.0,19.0,89.0,97.0,93.0,19.0,1.0,0.0,0.0,0.0,0.0,0.0,0.0,0.0,169.0,38.0,0.421,16.0,4.0,0.0,2.0,15.0,12.0,11.0,1.0,0.0,0.0,0.0,0.0,0.0,0.0,0.0,0.0
Steve Richards,2B,K Marte,Ketel Marte,1117.0,N,hitter,606466.0,AZ,132.0,29.0,3.0,22.0,47.0,71.0,74.0,4.0,6.0,0.0,0.0,0.0,0.0,0.0,0.0,0.0,96.0,53.0,0.226,12.0,5.0,0.0,1.0,4.0,6.0,7.0,0.0,0.0,0.0,0.0,0.0,0.0,0.0,0.0,0.0
Steve Richards,3B,J Caminero,Junior Caminero,1490.0,N,hitter,691406.0,TB,162.0,24.0,1.0,41.0,78.0,94.0,97.0,3.0,4.0,0.0,0.0,0.0,0.0,0.0,0.0,0.0,127.0,44.0,0.25,11.0,3.0,0.0,4.0,8.0,8.0,7.0,0.0,1.0,0.0,0.0,0.0,0.0,0.0,0.0,0.0
Steve Richards,3B,J Ramirez,José Ramírez,1019.0,N,hitter,608070.0,CLE,103.0,26.0,0.0,12.0,57.0,65.0,51.0,34.0,3.0,0.0,0.0,0.0,0.0,0.0,0.0,0.0,61.0,43.0,0.163,7.0,2.0,0.0,1.0,1.0,3.0,3.0,3.0,0.0,0.0,0.0,0.0,0.0,0.0,0.0,0.0
Steve Richards,SS,B Witt Jr,Bobby Witt Jr.,1309.0,N,hitter,677951.0,KC,145.0,30.0,1.0,18.0,66.0,85.0,54.0,42.0,3.0,0.0,0.0,0.0,0.0,0.0,0.0,0.0,101.0,45.0,0.2,9.0,2.0,0.0,1.0,8.0,6.0,3.0,4.0,1.0,0.0,0.0,0.0,0.0,0.0,0.0,0.0
Steve Richards,SS,Z Neto,Zach Neto,1368.0,N,hitter,687263.0,LAA,142.0,29.0,5.0,26.0,61.0,97.0,74.0,21.0,13.0,0.0,0.0,0.0,0.0,0.0,0.0,0.0,146.0,49.0,0.306,15.0,1.0,1.0,3.0,6.0,9.0,8.0,2.0,4.0,0.0,0.0,0.0,0.0,0.0,0.0,0.0
Steve Richards,OF,A Judge,Aaron Judge,654.0,N,hitter,592450.0,NYY,57.0,10.0,0.0,18.0,43.0,45.0,41.0,5.0,2.0,0.0,0.0,0.0,0.0,0.0,0.0,0.0,32.0,23.0,0.174,4.0,0.0,0.0,1.0,1.0,2.0,3.0,0.0,0.0,0.0,0.0,0.0,0.0,0.0,0.0,0.0
Steve Richards,OF,B Rooker,Brent Rooker,359.0,Y,hitter,667670.0,,36.0,4.0,0.0,10.0,19.0,20.0,29.0,2.0,2.0,0.0,0.0,0.0,0.0,0.0,0.0,0.0,0.0,0.0,0.0,0.0,0.0,0.0,0.0,0.0,0.0,0.0,0.0,0.0,0.0,0.0,0.0,0.0,0.0,0.0,0.0
Steve Richards,OF,W Langford,Wyatt Langford,889.0,N,hitter,694671.0,TEX,93.0,19.0,2.0,17.0,50.0,62.0,41.0,14.0,4.0,0.0,0.0,0.0,0.0,0.0,0.0,0.0,116.0,39.0,0.179,7.0,1.0,0.0,2.0,12.0,8.0,5.0,4.0,0.0,0.0,0.0,0.0,0.0,0.0,0.0,0.0
Steve Richards,OF,R Acuna Jr,Ronald Acuña Jr.,954.0,N,hitter,660670.0,ATL,99.0,18.0,1.0,19.0,50.0,59.0,51.0,20.0,5.0,0.0,0.0,0.0,0.0,0.0,0.0,0.0,144.0,53.0,0.302,16.0,4.0,0.0,5.0,3.0,9.0,11.0,0.0,0.0,0.0,0.0,0.0,0.0,0.0,0.0,0.0
Steve Richards,OF,J Soto,Juan Soto,1029.0,N,hitter,665742.0,NYM,101.0,11.0,2.0,26.0,73.0,59.0,64.0,9.0,0.0,0.0,0.0,0.0,0.0,0.0,0.0,0.0,134.0,54.0,0.259,14.0,3.0,0.0,3.0,8.0,9.0,8.0,1.0,0.0,0.0,0.0,0.0,0.0,0.0,0.0,0.0
Steve Richards,OF,J Wood,James Wood,1438.0,N,hitter,695578.0,WSH,128.0,30.0,1.0,30.0,99.0,102.0,76.0,21.0,4.0,0.0,0.0,0.0,0.0,0.0,0.0,0.0,84.0,36.0,0.25,9.0,2.0,0.0,0.0,9.0,2.0,2.0,4.0,0.0,0.0,0.0,0.0,0.0,0.0,0.0,0.0
Steve Richards,DH/Utility,K Schwarber,Kyle Schwarber,1452.0,N,hitter,656941.0,PHI,130.0,17.0,1.0,45.0,96.0,90.0,95.0,3.0,7.0,0.0,0.0,0.0,0.0,0.0,0.0,0.0,137.0,49.0,0.204,10.0,0.0,0.0,5.0,9.0,9.0,12.0,0.0,1.0,0.0,0.0,0.0,0.0,0.0,0.0,0.0
Steve Richards,DH/Utility,S Ohtani,Shohei Ohtani,1956.0,Y,both,660271.0,,139.0,25.0,4.0,30.0,80.0,89.0,80.0,11.0,7.0,85.2,17.0,8.0,0.0,95.0,12.0,0.0,3.0,3.0,0.0,0.0,0.0,0.0,0.0,1.0,0.0,0.0,0.0,0.0,0.0,0.0,0.0,0.0,0.0,0.0,0.0
Steve Richards,SP,G Crochet,Garrett Crochet,168.0,Y,pitcher,676979.0,,0.0,0.0,0.0,0.0,0.0,0.0,0.0,0.0,0.0,30.0,21.0,3.0,0.0,37.0,3.0,0.0,0.0,0.0,0.0,0.0,0.0,0.0,0.0,0.0,0.0,0.0,0.0,0.0,0.0,0.0,0.0,0.0,0.0,0.0,0.0
Steve Richards,SP,T Skubal,Tarik Skubal,952.0,N,pitcher,669373.0,LAD,0.0,0.0,0.0,0.0,0.0,0.0,0.0,0.0,0.0,146.2,44.0,10.0,0.0,173.0,15.0,0.0,89.0,0.0,0.0,0.0,0.0,0.0,0.0,0.0,0.0,0.0,0.0,0.0,14.1,2.0,1.26,2.0,0.0,14.0,0.0
Steve Richards,SP,J Ryan,Joe Ryan,753.0,N,pitcher,657746.0,MIN,0.0,0.0,0.0,0.0,0.0,0.0,0.0,0.0,0.0,133.2,57.0,6.0,0.0,146.0,11.0,0.0,30.0,0.0,0.0,0.0,0.0,0.0,0.0,0.0,0.0,0.0,0.0,0.0,8.0,6.0,6.75,0.0,0.0,8.0,0.0
Steve Richards,SP,H Brown,Hunter Brown,575.0,N,pitcher,686613.0,HOU,0.0,0.0,0.0,0.0,0.0,0.0,0.0,0.0,0.0,97.0,37.0,6.0,0.0,110.0,7.0,0.0,71.0,0.0,0.0,0.0,0.0,0.0,0.0,0.0,0.0,0.0,0.0,0.0,10.0,5.0,4.5,1.0,0.0,17.0,0.0
Steve Richards,SP,N Lodolo,Nick Lodolo,397.0,N,pitcher,666157.0,CIN,0.0,0.0,0.0,0.0,0.0,0.0,0.0,0.0,0.0,96.2,55.0,3.0,0.0,79.0,4.0,0.0,44.0,0.0,0.0,0.0,0.0,0.0,0.0,0.0,0.0,0.0,0.0,0.0,11.2,7.0,5.4,0.0,0.0,10.0,0.0
Steve Richards,SP,P Skenes,Paul Skenes,971.0,N,pitcher,694973.0,PIT,0.0,0.0,0.0,0.0,0.0,0.0,0.0,0.0,0.0,168.0,73.0,10.0,0.0,192.0,12.0,0.0,78.0,0.0,0.0,0.0,0.0,0.0,0.0,0.0,0.0,0.0,0.0,0.0,18.1,7.0,3.44,1.0,0.0,13.0,0.0
Steve Richards,SP,M Liberatore,Matthew Liberatore,685.0,N,pitcher,669461.0,STL,0.0,0.0,0.0,0.0,0.0,0.0,0.0,0.0,0.0,149.1,89.0,5.0,0.0,148.0,7.0,0.0,41.0,0.0,0.0,0.0,0.0,0.0,0.0,0.0,0.0,0.0,0.0,0.0,14.2,8.0,4.91,0.0,0.0,7.0,0.0
Steve Richards,SP,L Webb,Logan Webb,778.0,Y,pitcher,657277.0,,0.0,0.0,0.0,0.0,0.0,0.0,0.0,0.0,0.0,160.2,77.0,8.0,0.0,134.0,17.0,0.0,57.0,0.0,0.0,0.0,0.0,0.0,0.0,0.0,0.0,0.0,0.0,0.0,11.0,7.0,5.73,0.0,0.0,15.0,0.0
Steve Richards,RP,S Dominguez,Seranthony Domínguez,387.0,N,pitcher,622554.0,SEA,0.0,0.0,0.0,0.0,0.0,0.0,0.0,0.0,0.0,59.0,25.0,5.0,12.0,62.0,0.0,7.0,35.0,0.0,0.0,0.0,0.0,0.0,0.0,0.0,0.0,0.0,0.0,0.0,6.0,0.0,0.0,0.0,0.0,5.0,1.0
Steve Richards,RP,P Fairbanks,Pete Fairbanks,327.0,Y,pitcher,664126.0,,0.0,0.0,0.0,0.0,0.0,0.0,0.0,0.0,0.0,41.1,29.0,4.0,19.0,57.0,0.0,2.0,2.0,0.0,0.0,0.0,0.0,0.0,0.0,0.0,0.0,0.0,0.0,0.0,1.0,2.0,18.0,0.0,1.0,0.0,0.0
Steve Richards,RP,D Palencia,Daniel Palencia,145.0,N,pitcher,694037.0,CHC,0.0,0.0,0.0,0.0,0.0,0.0,0.0,0.0,0.0,25.1,12.0,2.0,3.0,26.0,0.0,1.0,21.0,0.0,0.0,0.0,0.0,0.0,0.0,0.0,0.0,0.0,0.0,0.0,4.1,0.0,0.0,0.0,0.0,2.0,1.0
Steve Richards,RP,M Miller,Mason Miller,736.0,N,pitcher,695243.0,SD,0.0,0.0,0.0,0.0,0.0,0.0,0.0,0.0,0.0,64.1,8.0,5.0,37.0,119.0,0.0,0.0,73.0,0.0,0.0,0.0,0.0,0.0,0.0,0.0,0.0,0.0,0.0,0.0,5.0,0.0,0.0,0.0,5.0,11.0,0.0
Andrew Serio,C,C Raleigh,Cal Raleigh,868.0,N,hitter,663728.0,SEA,77.0,14.0,0.0,22.0,66.0,47.0,66.0,2.0,3.0,0.0,0.0,0.0,0.0,0.0,0.0,0.0,96.0,46.0,0.217,10.0,3.0,0.0,1.0,6.0,8.0,8.0,0.0,0.0,0.0,0.0,0.0,0.0,0.0,0.0,0.0
Andrew Serio,C,H Goodman,Hunter Goodman,1179.0,N,hitter,696100.0,COL,119.0,19.0,2.0,38.0,44.0,80.0,81.0,5.0,5.0,0.0,0.0,0.0,0.0,0.0,0.0,0.0,73.0,35.0,0.171,6.0,1.0,1.0,2.0,2.0,5.0,7.0,0.0,1.0,0.0,0.0,0.0,0.0,0.0,0.0,0.0
Andrew Serio,1B,N Kurtz,Nick Kurtz,1003.0,Y,hitter,701762.0,,90.0,15.0,1.0,21.0,79.0,62.0,69.0,7.0,3.0,0.0,0.0,0.0,0.0,0.0,0.0,0.0,0.0,0.0,0.0,0.0,0.0,0.0,0.0,0.0,0.0,0.0,0.0,0.0,0.0,0.0,0.0,0.0,0.0,0.0,0.0
Andrew Serio,1B,V Guerrero Jr,Vladimir Guerrero Jr.,1008.0,N,hitter,665489.0,TOR,137.0,24.0,0.0,9.0,55.0,71.0,56.0,7.0,5.0,0.0,0.0,0.0,0.0,0.0,0.0,0.0,81.0,47.0,0.255,12.0,2.0,0.0,1.0,5.0,5.0,2.0,0.0,1.0,0.0,0.0,0.0,0.0,0.0,0.0,0.0
Andrew Serio,2B,B Turang,Brice Turang,1417.0,N,hitter,668930.0,MIL,147.0,34.0,3.0,19.0,89.0,97.0,93.0,19.0,1.0,0.0,0.0,0.0,0.0,0.0,0.0,0.0,169.0,38.0,0.421,16.0,4.0,0.0,2.0,15.0,12.0,11.0,1.0,0.0,0.0,0.0,0.0,0.0,0.0,0.0,0.0
Andrew Serio,2B,L Keaschall,Luke Keaschall,1109.0,N,hitter,807712.0,MIN,140.0,25.0,1.0,9.0,56.0,75.0,45.0,18.0,22.0,0.0,0.0,0.0,0.0,0.0,0.0,0.0,101.0,47.0,0.319,15.0,1.0,0.0,0.0,6.0,8.0,1.0,2.0,3.0,0.0,0.0,0.0,0.0,0.0,0.0,0.0
Andrew Serio,3B,J Caminero,Junior Caminero,1490.0,N,hitter,691406.0,TB,162.0,24.0,1.0,41.0,78.0,94.0,97.0,3.0,4.0,0.0,0.0,0.0,0.0,0.0,0.0,0.0,127.0,44.0,0.25,11.0,3.0,0.0,4.0,8.0,8.0,7.0,0.0,1.0,0.0,0.0,0.0,0.0,0.0,0.0,0.0
Andrew Serio,3B,J Ramirez,José Ramírez,1019.0,N,hitter,608070.0,CLE,103.0,26.0,0.0,12.0,57.0,65.0,51.0,34.0,3.0,0.0,0.0,0.0,0.0,0.0,0.0,0.0,61.0,43.0,0.163,7.0,2.0,0.0,1.0,1.0,3.0,3.0,3.0,0.0,0.0,0.0,0.0,0.0,0.0,0.0,0.0
Andrew Serio,SS,B Witt Jr,Bobby Witt Jr.,1309.0,N,hitter,677951.0,KC,145.0,30.0,1.0,18.0,66.0,85.0,54.0,42.0,3.0,0.0,0.0,0.0,0.0,0.0,0.0,0.0,101.0,45.0,0.2,9.0,2.0,0.0,1.0,8.0,6.0,3.0,4.0,1.0,0.0,0.0,0.0,0.0,0.0,0.0,0.0
Andrew Serio,SS,G Henderson,Gunnar Henderson,1221.0,N,hitter,683002.0,BAL,135.0,26.0,5.0,23.0,65.0,87.0,58.0,10.0,9.0,0.0,0.0,0.0,0.0,0.0,0.0,0.0,77.0,40.0,0.275,11.0,2.0,0.0,1.0,7.0,4.0,1.0,0.0,0.0,0.0,0.0,0.0,0.0,0.0,0.0,0.0
Andrew Serio,OF,A Judge,Aaron Judge,654.0,N,hitter,592450.0,NYY,57.0,10.0,0.0,18.0,43.0,45.0,41.0,5.0,2.0,0.0,0.0,0.0,0.0,0.0,0.0,0.0,32.0,23.0,0.174,4.0,0.0,0.0,1.0,1.0,2.0,3.0,0.0,0.0,0.0,0.0,0.0,0.0,0.0,0.0,0.0
Andrew Serio,OF,R Anthony,Roman Anthony,360.0,N,hitter,701350.0,BOS,44.0,7.0,2.0,5.0,27.0,21.0,14.0,2.0,1.0,0.0,0.0,0.0,0.0,0.0,0.0,0.0,75.0,52.0,0.173,9.0,0.0,0.0,2.0,4.0,4.0,7.0,0.0,0.0,0.0,0.0,0.0,0.0,0.0,0.0,0.0
Andrew Serio,OF,J Soto,Juan Soto,1029.0,N,hitter,665742.0,NYM,101.0,11.0,2.0,26.0,73.0,59.0,64.0,9.0,0.0,0.0,0.0,0.0,0.0,0.0,0.0,0.0,134.0,54.0,0.259,14.0,3.0,0.0,3.0,8.0,9.0,8.0,1.0,0.0,0.0,0.0,0.0,0.0,0.0,0.0,0.0
Andrew Serio,OF,C Carroll,Corbin Carroll,1360.0,N,hitter,682998.0,AZ,133.0,31.0,16.0,22.0,70.0,89.0,69.0,21.0,8.0,0.0,0.0,0.0,0.0,0.0,0.0,0.0,91.0,39.0,0.256,10.0,3.0,0.0,3.0,1.0,6.0,8.0,0.0,0.0,0.0,0.0,0.0,0.0,0.0,0.0,0.0
Andrew Serio,OF,F Tatis Jr,Fernando Tatis Jr.,1465.0,N,hitter,665487.0,SD,171.0,30.0,3.0,23.0,62.0,92.0,79.0,35.0,6.0,0.0,0.0,0.0,0.0,0.0,0.0,0.0,172.0,52.0,0.327,17.0,1.0,1.0,4.0,8.0,12.0,9.0,4.0,1.0,0.0,0.0,0.0,0.0,0.0,0.0,0.0
Andrew Serio,OF,J Wood,James Wood,1438.0,N,hitter,695578.0,WSH,128.0,30.0,1.0,30.0,99.0,102.0,76.0,21.0,4.0,0.0,0.0,0.0,0.0,0.0,0.0,0.0,84.0,36.0,0.25,9.0,2.0,0.0,0.0,9.0,2.0,2.0,4.0,0.0,0.0,0.0,0.0,0.0,0.0,0.0,0.0
Andrew Serio,DH/Utility,E De La Cruz,Elly De La Cruz,1416.0,N,hitter,682829.0,CIN,152.0,29.0,5.0,28.0,66.0,96.0,74.0,27.0,2.0,0.0,0.0,0.0,0.0,0.0,0.0,0.0,204.0,48.0,0.396,19.0,5.0,0.0,7.0,7.0,12.0,13.0,3.0,0.0,0.0,0.0,0.0,0.0,0.0,0.0,0.0
Andrew Serio,DH/Utility,S Ohtani,Shohei Ohtani,1956.0,Y,both,660271.0,,139.0,25.0,4.0,30.0,80.0,89.0,80.0,11.0,7.0,85.2,17.0,8.0,0.0,95.0,12.0,0.0,3.0,3.0,0.0,0.0,0.0,0.0,0.0,1.0,0.0,0.0,0.0,0.0,0.0,0.0,0.0,0.0,0.0,0.0,0.0
Andrew Serio,SP,T Skubal,Tarik Skubal,952.0,N,pitcher,669373.0,LAD,0.0,0.0,0.0,0.0,0.0,0.0,0.0,0.0,0.0,146.2,44.0,10.0,0.0,173.0,15.0,0.0,89.0,0.0,0.0,0.0,0.0,0.0,0.0,0.0,0.0,0.0,0.0,0.0,14.1,2.0,1.26,2.0,0.0,14.0,0.0
Andrew Serio,SP,P Skenes,Paul Skenes,971.0,N,pitcher,694973.0,PIT,0.0,0.0,0.0,0.0,0.0,0.0,0.0,0.0,0.0,168.0,73.0,10.0,0.0,192.0,12.0,0.0,78.0,0.0,0.0,0.0,0.0,0.0,0.0,0.0,0.0,0.0,0.0,0.0,18.1,7.0,3.44,1.0,0.0,13.0,0.0
Andrew Serio,SP,L Webb,Logan Webb,778.0,Y,pitcher,657277.0,,0.0,0.0,0.0,0.0,0.0,0.0,0.0,0.0,0.0,160.2,77.0,8.0,0.0,134.0,17.0,0.0,57.0,0.0,0.0,0.0,0.0,0.0,0.0,0.0,0.0,0.0,0.0,0.0,11.0,7.0,5.73,0.0,0.0,15.0,0.0
Andrew Serio,SP,C Sanchez,Cristopher Sánchez,1222.0,N,pitcher,650911.0,PHI,0.0,0.0,0.0,0.0,0.0,0.0,0.0,0.0,0.0,193.2,63.0,17.0,0.0,215.0,20.0,0.0,33.0,0.0,0.0,0.0,0.0,0.0,0.0,0.0,0.0,0.0,0.0,0.0,12.1,11.0,8.03,1.0,0.0,8.0,0.0
Andrew Serio,SP,J DeGrom,Jacob deGrom,965.0,N,pitcher,594798.0,TEX,0.0,0.0,0.0,0.0,0.0,0.0,0.0,0.0,0.0,154.1,65.0,11.0,0.0,194.0,12.0,0.0,125.0,0.0,0.0,0.0,0.0,0.0,0.0,0.0,0.0,0.0,0.0,0.0,17.0,4.0,2.12,1.0,0.0,27.0,0.0
Andrew Serio,SP,E Perez,Eury Pérez,796.0,N,pitcher,691587.0,MIA,0.0,0.0,0.0,0.0,0.0,0.0,0.0,0.0,0.0,144.1,64.0,7.0,0.0,155.0,11.0,0.0,33.0,0.0,0.0,0.0,0.0,0.0,0.0,0.0,0.0,0.0,0.0,0.0,9.0,8.0,8.0,0.0,0.0,10.0,0.0
Andrew Serio,SP,H Brown,Hunter Brown,575.0,N,pitcher,686613.0,HOU,0.0,0.0,0.0,0.0,0.0,0.0,0.0,0.0,0.0,97.0,37.0,6.0,0.0,110.0,7.0,0.0,71.0,0.0,0.0,0.0,0.0,0.0,0.0,0.0,0.0,0.0,0.0,0.0,10.0,5.0,4.5,1.0,0.0,17.0,0.0
Andrew Serio,SP,C Sale,Chris Sale,1092.0,N,pitcher,519242.0,ATL,0.0,0.0,0.0,0.0,0.0,0.0,0.0,0.0,0.0,157.0,38.0,14.0,0.0,190.0,19.0,0.0,30.0,0.0,0.0,0.0,0.0,0.0,0.0,0.0,0.0,0.0,0.0,0.0,7.0,3.0,3.86,0.0,0.0,6.0,0.0
Andrew Serio,RP,G Taylor,Grant Taylor,588.0,N,pitcher,691799.0,CWS,0.0,0.0,0.0,0.0,0.0,0.0,0.0,0.0,0.0,80.2,21.0,7.0,9.0,103.0,0.0,10.0,43.0,0.0,0.0,0.0,0.0,0.0,0.0,0.0,0.0,0.0,0.0,0.0,7.2,4.0,4.7,0.0,1.0,9.0,0.0
Andrew Serio,RP,B Joyce,Ben Joyce,105.0,N,pitcher,690829.0,LAA,0.0,0.0,0.0,0.0,0.0,0.0,0.0,0.0,0.0,14.1,7.0,0.0,5.0,18.0,0.0,2.0,28.0,0.0,0.0,0.0,0.0,0.0,0.0,0.0,0.0,0.0,0.0,0.0,5.0,4.0,7.2,0.0,2.0,5.0,0.0
Andrew Serio,RP,R O'Brien,Riley O'Brien,487.0,N,pitcher,676617.0,STL,0.0,0.0,0.0,0.0,0.0,0.0,0.0,0.0,0.0,62.0,29.0,3.0,37.0,62.0,0.0,1.0,26.0,0.0,0.0,0.0,0.0,0.0,0.0,0.0,0.0,0.0,0.0,0.0,5.0,3.0,5.4,0.0,1.0,5.0,0.0
Andrew Serio,RP,D Palencia,Daniel Palencia,145.0,N,pitcher,694037.0,CHC,0.0,0.0,0.0,0.0,0.0,0.0,0.0,0.0,0.0,25.1,12.0,2.0,3.0,26.0,0.0,1.0,21.0,0.0,0.0,0.0,0.0,0.0,0.0,0.0,0.0,0.0,0.0,0.0,4.1,0.0,0.0,0.0,0.0,2.0,1.0
